2026-01-06 01:01:46,377 [INFO] [AUTO-STATS] Processing batch 1/1 (5 matches)
2026-01-06 01:01:46,727 [INFO] Periodic manual fetch for LIVE_LIST (TS: 1767657706)
2026-01-06 01:01:49,083 [INFO] Captured LIVE_LIST -> server/sofascore_live.json
2026-01-06 01:01:52,079 [INFO] Captured DETAIL for 15227463 -> server/stats\15227463_detail.json
2026-01-06 01:01:52,082 [WARNING] API Error for 15227463 (STATS), saving empty marker.
2026-01-06 01:01:52,464 [INFO] Captured DETAIL for 15227518 -> server/stats\15227518_detail.json
2026-01-06 01:01:52,466 [WARNING] API Error for 15227518 (STATS), saving empty marker.
2026-01-06 01:01:52,900 [INFO] Captured DETAIL for 15227617 -> server/stats\15227617_detail.json
2026-01-06 01:01:52,903 [WARNING] API Error for 15227617 (STATS), saving empty marker.
2026-01-06 01:01:53,349 [INFO] Captured DETAIL for 15264798 -> server/stats\15264798_detail.json
2026-01-06 01:01:53,351 [WARNING] API Error for 15264798 (STATS), saving empty marker.
2026-01-06 01:01:55,091 [INFO] [AUTO-STATS] Processing batch 1/1 (5 matches)
2026-01-06 01:01:57,362 [INFO] Periodic manual fetch for LIVE_LIST (TS: 1767657717)
2026-01-06 01:02:00,825 [INFO] Captured LIVE_LIST -> server/sofascore_live.json
2026-01-06 01:02:05,108 [INFO] Periodic manual fetch for LIVE_LIST (TS: 1767657725)
2026-01-06 01:02:07,065 [INFO] Captured LIVE_LIST -> server/sofascore_live.json
2026-01-06 01:02:11,076 [INFO] Processing queue: 1 matches
2026-01-06 01:02:11,076 [INFO] Targeted fetch for Match ID: 15013841
2026-01-06 01:02:12,840 [INFO] Processing queue: 1 matches
2026-01-06 01:02:12,840 [INFO] Targeted fetch for Match ID: 15013841
2026-01-06 01:02:14,995 [INFO] Captured DETAIL for 15013841 -> server/stats\15013841_detail.json
2026-01-06 01:02:15,536 [INFO] Captured STATS for 15013841 -> server/stats\15013841_stats.json
2026-01-06 01:02:16,722 [INFO] Captured DETAIL for 15013841 -> server/stats\15013841_detail.json
2026-01-06 01:02:17,729 [INFO] Captured STATS for 15013841 -> server/stats\15013841_stats.json
2026-01-06 01:02:17,730 [INFO] Periodic manual fetch for LIVE_LIST (TS: 1767657737)
2026-01-06 01:02:19,248 [INFO] Captured LIVE_LIST -> server/sofascore_live.json
2026-01-06 01:02:21,255 [INFO] [AUTO-STATS] Processing batch 1/1 (5 matches)
2026-01-06 01:02:23,544 [INFO] Periodic manual fetch for LIVE_LIST (TS: 1767657743)
2026-01-06 01:02:24,560 [INFO] Captured DETAIL for 15264797 -> server/stats\15264797_detail.json
2026-01-06 01:02:24,563 [WARNING] API Error for 15264797 (STATS), saving empty marker.
2026-01-06 01:02:25,000 [INFO] Captured LIVE_LIST -> server/sofascore_live.json
2026-01-06 01:02:27,004 [INFO] [AUTO-STATS] Processing batch 1/1 (5 matches)
2026-01-06 01:02:30,582 [INFO] Processing queue: 1 matches
2026-01-06 01:02:30,582 [INFO] Targeted fetch for Match ID: 15013845
2026-01-06 01:02:35,086 [INFO] Captured DETAIL for 15013845 -> server/stats\15013845_detail.json
2026-01-06 01:02:35,829 [INFO] Captured STATS for 15013845 -> server/stats\15013845_stats.json
2026-01-06 01:02:35,830 [INFO] Periodic manual fetch for LIVE_LIST (TS: 1767657755)
2026-01-06 01:02:37,324 [INFO] Captured LIVE_LIST -> server/sofascore_live.json
2026-01-06 01:02:41,017 [INFO] Periodic manual fetch for LIVE_LIST (TS: 1767657761)
2026-01-06 01:02:42,730 [INFO] Captured LIVE_LIST -> server/sofascore_live.json
2026-01-06 01:02:53,341 [INFO] Periodic manual fetch for LIVE_LIST (TS: 1767657773)
2026-01-06 01:02:55,486 [INFO] Captured LIVE_LIST -> server/sofascore_live.json
2026-01-06 01:02:55,486 [INFO] [AUTO-STATS] Processing batch 1/1 (5 matches)
2026-01-06 01:02:58,750 [INFO] Periodic manual fetch for LIVE_LIST (TS: 1767657778)
2026-01-06 01:03:01,087 [INFO] Captured LIVE_LIST -> server/sofascore_live.json
2026-01-06 01:03:01,088 [INFO] [AUTO-STATS] Processing batch 1/1 (5 matches)
2026-01-06 01:03:02,573 [INFO] Captured DETAIL for 15227463 -> server/stats\15227463_detail.json
2026-01-06 01:03:02,577 [WARNING] API Error for 15227463 (STATS), saving empty marker.
2026-01-06 01:03:03,005 [INFO] Captured DETAIL for 15227518 -> server/stats\15227518_detail.json
2026-01-06 01:03:03,008 [WARNING] API Error for 15227518 (STATS), saving empty marker.
2026-01-06 01:03:03,313 [INFO] Captured DETAIL for 15227617 -> server/stats\15227617_detail.json
2026-01-06 01:03:03,315 [WARNING] API Error for 15227617 (STATS), saving empty marker.
2026-01-06 01:03:04,936 [INFO] Captured DETAIL for 15264798 -> server/stats\15264798_detail.json
2026-01-06 01:03:04,938 [WARNING] API Error for 15264798 (STATS), saving empty marker.
2026-01-06 01:03:06,775 [INFO] Captured DETAIL for 15227463 -> server/stats\15227463_detail.json
2026-01-06 01:03:06,776 [WARNING] API Error for 15227463 (STATS), saving empty marker.
2026-01-06 01:03:07,195 [INFO] Captured DETAIL for 15227518 -> server/stats\15227518_detail.json
2026-01-06 01:03:07,198 [WARNING] API Error for 15227518 (STATS), saving empty marker.
2026-01-06 01:03:07,736 [INFO] Captured DETAIL for 15227617 -> server/stats\15227617_detail.json
2026-01-06 01:03:07,738 [WARNING] API Error for 15227617 (STATS), saving empty marker.
2026-01-06 01:03:08,180 [INFO] Captured DETAIL for 15264798 -> server/stats\15264798_detail.json
2026-01-06 01:03:08,185 [WARNING] API Error for 15264798 (STATS), saving empty marker.
2026-01-06 01:03:10,958 [INFO] Periodic manual fetch for LIVE_LIST (TS: 1767657790)
2026-01-06 01:03:14,148 [INFO] Captured LIVE_LIST -> server/sofascore_live.json
2026-01-06 01:03:16,204 [INFO] Periodic manual fetch for LIVE_LIST (TS: 1767657796)
2026-01-06 01:03:17,694 [INFO] Captured LIVE_LIST -> server/sofascore_live.json
2026-01-06 01:03:27,705 [INFO] Processing queue: 1 matches
2026-01-06 01:03:27,705 [INFO] Targeted fetch for Match ID: 15013841
2026-01-06 01:03:28,170 [INFO] Processing queue: 1 matches
2026-01-06 01:03:28,170 [INFO] Targeted fetch for Match ID: 15013841
2026-01-06 01:03:31,566 [INFO] Captured DETAIL for 15013841 -> server/stats\15013841_detail.json
2026-01-06 01:03:32,107 [INFO] Captured DETAIL for 15013841 -> server/stats\15013841_detail.json
2026-01-06 01:03:32,201 [INFO] Captured STATS for 15013841 -> server/stats\15013841_stats.json
2026-01-06 01:03:32,202 [INFO] Processing queue: 1 matches
2026-01-06 01:03:32,202 [INFO] Targeted fetch for Match ID: 15013841
2026-01-06 01:03:33,097 [INFO] Captured STATS for 15013841 -> server/stats\15013841_stats.json
2026-01-06 01:03:33,097 [INFO] Periodic manual fetch for LIVE_LIST (TS: 1767657813)
2026-01-06 01:03:34,767 [INFO] Captured LIVE_LIST -> server/sofascore_live.json
2026-01-06 01:03:34,768 [INFO] [AUTO-STATS] Processing batch 1/1 (5 matches)
2026-01-06 01:03:36,525 [INFO] Captured DETAIL for 15013841 -> server/stats\15013841_detail.json
2026-01-06 01:03:37,494 [INFO] Captured STATS for 15013841 -> server/stats\15013841_stats.json
2026-01-06 01:03:37,494 [INFO] Periodic manual fetch for LIVE_LIST (TS: 1767657817)
2026-01-06 01:03:39,753 [INFO] Captured LIVE_LIST -> server/sofascore_live.json
2026-01-06 01:03:39,754 [INFO] [AUTO-STATS] Processing batch 1/1 (5 matches)
2026-01-06 01:03:39,848 [INFO] Captured DETAIL for 15264797 -> server/stats\15264797_detail.json
2026-01-06 01:03:39,851 [WARNING] API Error for 15264797 (STATS), saving empty marker.
2026-01-06 01:03:42,992 [INFO] Captured DETAIL for 15264797 -> server/stats\15264797_detail.json
2026-01-06 01:03:42,994 [WARNING] API Error for 15264797 (STATS), saving empty marker.
2026-01-06 01:03:49,878 [INFO] Periodic manual fetch for LIVE_LIST (TS: 1767657829)
2026-01-06 01:03:51,380 [INFO] Captured LIVE_LIST -> server/sofascore_live.json
2026-01-06 01:03:55,015 [INFO] Periodic manual fetch for LIVE_LIST (TS: 1767657835)
2026-01-06 01:03:56,565 [INFO] Captured LIVE_LIST -> server/sofascore_live.json
2026-01-06 01:04:07,406 [INFO] Periodic manual fetch for LIVE_LIST (TS: 1767657847)
2026-01-06 01:04:08,802 [INFO] Captured LIVE_LIST -> server/sofascore_live.json
2026-01-06 01:04:08,803 [INFO] [AUTO-STATS] Processing batch 1/1 (5 matches)
2026-01-06 01:04:10,589 [INFO] [AUTO-STATS] Processing batch 1/1 (5 matches)
2026-01-06 01:04:14,358 [INFO] Captured DETAIL for 15227463 -> server/stats\15227463_detail.json
2026-01-06 01:04:14,361 [WARNING] API Error for 15227463 (STATS), saving empty marker.
2026-01-06 01:04:14,774 [INFO] Captured DETAIL for 15227518 -> server/stats\15227518_detail.json
2026-01-06 01:04:14,776 [WARNING] API Error for 15227518 (STATS), saving empty marker.
2026-01-06 01:04:15,226 [INFO] Captured DETAIL for 15227617 -> server/stats\15227617_detail.json
2026-01-06 01:04:15,228 [WARNING] API Error for 15227617 (STATS), saving empty marker.
2026-01-06 01:04:15,694 [INFO] Captured DETAIL for 15264798 -> server/stats\15264798_detail.json
2026-01-06 01:04:15,696 [WARNING] API Error for 15264798 (STATS), saving empty marker.
2026-01-06 01:04:16,213 [INFO] Captured DETAIL for 15227463 -> server/stats\15227463_detail.json
2026-01-06 01:04:16,215 [WARNING] API Error for 15227463 (STATS), saving empty marker.
2026-01-06 01:04:16,521 [INFO] Captured DETAIL for 15227518 -> server/stats\15227518_detail.json
2026-01-06 01:04:16,523 [WARNING] API Error for 15227518 (STATS), saving empty marker.
2026-01-06 01:04:16,948 [INFO] Captured DETAIL for 15227617 -> server/stats\15227617_detail.json
2026-01-06 01:04:16,950 [WARNING] API Error for 15227617 (STATS), saving empty marker.
2026-01-06 01:04:17,389 [INFO] Captured DETAIL for 15264798 -> server/stats\15264798_detail.json
2026-01-06 01:04:17,392 [WARNING] API Error for 15264798 (STATS), saving empty marker.
2026-01-06 01:04:17,414 [INFO] Periodic manual fetch for LIVE_LIST (TS: 1767657857)
2026-01-06 01:04:18,881 [INFO] Captured LIVE_LIST -> server/sofascore_live.json
2026-01-06 01:04:25,723 [INFO] Periodic manual fetch for LIVE_LIST (TS: 1767657865)
2026-01-06 01:04:27,484 [INFO] Captured LIVE_LIST -> server/sofascore_live.json
2026-01-06 01:04:30,895 [INFO] Processing queue: 1 matches
2026-01-06 01:04:30,896 [INFO] Targeted fetch for Match ID: 15013845
2026-01-06 01:04:34,823 [INFO] Captured DETAIL for 15013845 -> server/stats\15013845_detail.json
2026-01-06 01:04:35,347 [INFO] Captured STATS for 15013845 -> server/stats\15013845_stats.json
2026-01-06 01:04:35,347 [INFO] Periodic manual fetch for LIVE_LIST (TS: 1767657875)
2026-01-06 01:04:36,939 [INFO] Captured LIVE_LIST -> server/sofascore_live.json
2026-01-06 01:04:43,506 [INFO] Periodic manual fetch for LIVE_LIST (TS: 1767657883)
2026-01-06 01:04:44,949 [INFO] [AUTO-STATS] Processing batch 1/1 (5 matches)
2026-01-06 01:04:45,030 [INFO] Captured LIVE_LIST -> server/sofascore_live.json
2026-01-06 01:04:45,031 [INFO] [AUTO-STATS] Processing batch 1/1 (5 matches)
2026-01-06 01:04:48,240 [INFO] Captured DETAIL for 15264797 -> server/stats\15264797_detail.json
2026-01-06 01:04:48,242 [WARNING] API Error for 15264797 (STATS), saving empty marker.
2026-01-06 01:04:48,244 [INFO] Captured DETAIL for 15264797 -> server/stats\15264797_detail.json
2026-01-06 01:04:48,246 [WARNING] API Error for 15264797 (STATS), saving empty marker.
2026-01-06 01:04:52,254 [INFO] Periodic manual fetch for LIVE_LIST (TS: 1767657892)
2026-01-06 01:04:53,853 [INFO] Captured LIVE_LIST -> server/sofascore_live.json
2026-01-06 01:04:55,855 [INFO] Processing queue: 1 matches
2026-01-06 01:04:55,856 [INFO] Targeted fetch for Match ID: 15013841
2026-01-06 01:05:00,264 [INFO] Periodic manual fetch for LIVE_LIST (TS: 1767657900)
2026-01-06 01:05:04,965 [INFO] Captured DETAIL for 15013841 -> server/stats\15013841_detail.json
2026-01-06 01:05:06,275 [INFO] Captured STATS for 15013841 -> server/stats\15013841_stats.json
2026-01-06 01:05:10,288 [INFO] Periodic manual fetch for LIVE_LIST (TS: 1767657910)
2026-01-06 01:05:11,731 [INFO] Captured LIVE_LIST -> server/sofascore_live.json
2026-01-06 01:05:17,639 [INFO] Periodic manual fetch for LIVE_LIST (TS: 1767657917)
2026-01-06 01:05:17,738 [INFO] [AUTO-STATS] Processing batch 1/1 (5 matches)
2026-01-06 01:05:19,413 [INFO] Captured LIVE_LIST -> server/sofascore_live.json
2026-01-06 01:05:19,413 [INFO] [AUTO-STATS] Processing batch 1/1 (5 matches)
2026-01-06 01:05:23,397 [INFO] Captured DETAIL for 15227463 -> server/stats\15227463_detail.json
2026-01-06 01:05:23,400 [WARNING] API Error for 15227463 (STATS), saving empty marker.
2026-01-06 01:05:23,939 [INFO] Captured DETAIL for 15227518 -> server/stats\15227518_detail.json
2026-01-06 01:05:23,942 [WARNING] API Error for 15227518 (STATS), saving empty marker.
2026-01-06 01:05:25,020 [INFO] Captured DETAIL for 15227617 -> server/stats\15227617_detail.json
2026-01-06 01:05:25,020 [INFO] Captured DETAIL for 15227463 -> server/stats\15227463_detail.json
2026-01-06 01:05:25,023 [WARNING] API Error for 15227617 (STATS), saving empty marker.
2026-01-06 01:05:25,025 [WARNING] API Error for 15227463 (STATS), saving empty marker.
2026-01-06 01:05:25,448 [INFO] Captured DETAIL for 15227518 -> server/stats\15227518_detail.json
2026-01-06 01:05:25,450 [WARNING] API Error for 15264798 (STATS), saving empty marker.
2026-01-06 01:05:25,450 [WARNING] API Error for 15227518 (STATS), saving empty marker.
2026-01-06 01:05:25,866 [INFO] Captured DETAIL for 15227617 -> server/stats\15227617_detail.json
2026-01-06 01:05:25,869 [WARNING] API Error for 15227617 (STATS), saving empty marker.
2026-01-06 01:05:26,292 [INFO] Captured DETAIL for 15264798 -> server/stats\15264798_detail.json
2026-01-06 01:05:26,294 [WARNING] API Error for 15264798 (STATS), saving empty marker.
2026-01-06 01:05:27,465 [INFO] Periodic manual fetch for LIVE_LIST (TS: 1767657927)
2026-01-06 01:05:29,265 [INFO] Captured LIVE_LIST -> server/sofascore_live.json
2026-01-06 01:05:36,319 [INFO] Periodic manual fetch for LIVE_LIST (TS: 1767657936)
2026-01-06 01:05:38,223 [INFO] Captured LIVE_LIST -> server/sofascore_live.json
2026-01-06 01:05:45,282 [INFO] Periodic manual fetch for LIVE_LIST (TS: 1767657945)
2026-01-06 01:05:46,780 [INFO] Captured LIVE_LIST -> server/sofascore_live.json
2026-01-06 01:05:52,786 [INFO] [AUTO-STATS] Processing batch 1/1 (5 matches)
2026-01-06 01:05:54,241 [INFO] Periodic manual fetch for LIVE_LIST (TS: 1767657954)
2026-01-06 01:05:55,690 [INFO] Captured LIVE_LIST -> server/sofascore_live.json
2026-01-06 01:05:55,691 [INFO] [AUTO-STATS] Processing batch 1/1 (5 matches)
2026-01-06 01:05:56,007 [INFO] Captured DETAIL for 15264797 -> server/stats\15264797_detail.json
2026-01-06 01:05:56,009 [WARNING] API Error for 15264797 (STATS), saving empty marker.
2026-01-06 01:05:58,893 [INFO] Captured DETAIL for 15264797 -> server/stats\15264797_detail.json
2026-01-06 01:05:58,898 [WARNING] API Error for 15264797 (STATS), saving empty marker.
2026-01-06 01:06:02,025 [INFO] Periodic manual fetch for LIVE_LIST (TS: 1767657962)
2026-01-06 01:06:04,734 [INFO] Captured LIVE_LIST -> server/sofascore_live.json
2026-01-06 01:06:04,735 [INFO] Processing queue: 1 matches
2026-01-06 01:06:04,735 [INFO] Targeted fetch for Match ID: 15013841
2026-01-06 01:06:04,915 [INFO] Processing queue: 1 matches
2026-01-06 01:06:04,916 [INFO] Targeted fetch for Match ID: 15013841
2026-01-06 01:06:08,683 [INFO] Captured DETAIL for 15013841 -> server/stats\15013841_detail.json
2026-01-06 01:06:09,134 [INFO] Captured DETAIL for 15013841 -> server/stats\15013841_detail.json
2026-01-06 01:06:09,556 [INFO] Captured STATS for 15013841 -> server/stats\15013841_stats.json
2026-01-06 01:06:09,556 [INFO] Processing queue: 1 matches
2026-01-06 01:06:09,557 [INFO] Targeted fetch for Match ID: 15013841
2026-01-06 01:06:09,870 [INFO] Captured STATS for 15013841 -> server/stats\15013841_stats.json
2026-01-06 01:06:11,872 [INFO] Periodic manual fetch for LIVE_LIST (TS: 1767657971)
2026-01-06 01:06:13,323 [INFO] Captured LIVE_LIST -> server/sofascore_live.json
2026-01-06 01:06:13,428 [INFO] Captured DETAIL for 15013841 -> server/stats\15013841_detail.json
2026-01-06 01:06:14,063 [INFO] Captured STATS for 15013841 -> server/stats\15013841_stats.json
2026-01-06 01:06:20,072 [INFO] Periodic manual fetch for LIVE_LIST (TS: 1767657980)
2026-01-06 01:06:21,536 [INFO] Captured LIVE_LIST -> server/sofascore_live.json
2026-01-06 01:06:25,541 [INFO] [AUTO-STATS] Processing batch 1/1 (5 matches)
2026-01-06 01:06:27,345 [INFO] [AUTO-STATS] Processing batch 1/1 (5 matches)
2026-01-06 01:06:28,780 [INFO] Processing queue: 1 matches
2026-01-06 01:06:28,780 [INFO] Targeted fetch for Match ID: 15013845
2026-01-06 01:06:32,642 [INFO] Captured DETAIL for 15227463 -> server/stats\15227463_detail.json
2026-01-06 01:06:32,644 [WARNING] API Error for 15227463 (STATS), saving empty marker.
2026-01-06 01:06:32,866 [INFO] Captured DETAIL for 15227463 -> server/stats\15227463_detail.json
2026-01-06 01:06:32,868 [WARNING] API Error for 15227463 (STATS), saving empty marker.
2026-01-06 01:06:32,973 [INFO] Captured DETAIL for 15227518 -> server/stats\15227518_detail.json
2026-01-06 01:06:32,976 [WARNING] API Error for 15227518 (STATS), saving empty marker.
2026-01-06 01:06:33,303 [INFO] Captured DETAIL for 15227518 -> server/stats\15227518_detail.json
2026-01-06 01:06:33,303 [INFO] Captured DETAIL for 15227617 -> server/stats\15227617_detail.json
2026-01-06 01:06:33,305 [WARNING] API Error for 15227518 (STATS), saving empty marker.
2026-01-06 01:06:33,328 [WARNING] API Error for 15227617 (STATS), saving empty marker.
2026-01-06 01:06:33,637 [INFO] Captured DETAIL for 15227617 -> server/stats\15227617_detail.json
2026-01-06 01:06:33,639 [WARNING] API Error for 15227617 (STATS), saving empty marker.
2026-01-06 01:06:33,725 [INFO] Captured DETAIL for 15264798 -> server/stats\15264798_detail.json
2026-01-06 01:06:33,727 [WARNING] API Error for 15264798 (STATS), saving empty marker.
2026-01-06 01:06:34,040 [INFO] Captured DETAIL for 15013845 -> server/stats\15013845_detail.json
2026-01-06 01:06:34,053 [INFO] Captured DETAIL for 15264798 -> server/stats\15264798_detail.json
2026-01-06 01:06:34,056 [WARNING] API Error for 15264798 (STATS), saving empty marker.
2026-01-06 01:06:34,057 [INFO] Periodic manual fetch for LIVE_LIST (TS: 1767657994)
2026-01-06 01:06:34,703 [INFO] Captured STATS for 15013845 -> server/stats\15013845_stats.json
2026-01-06 01:06:35,809 [INFO] Captured LIVE_LIST -> server/sofascore_live.json
2026-01-06 01:06:36,707 [INFO] Periodic manual fetch for LIVE_LIST (TS: 1767657996)
2026-01-06 01:06:38,326 [INFO] Captured LIVE_LIST -> server/sofascore_live.json
2026-01-06 01:06:51,827 [INFO] Periodic manual fetch for LIVE_LIST (TS: 1767658011)
2026-01-06 01:06:53,322 [INFO] Captured LIVE_LIST -> server/sofascore_live.json
2026-01-06 01:06:54,346 [INFO] Periodic manual fetch for LIVE_LIST (TS: 1767658014)
2026-01-06 01:06:55,918 [INFO] Captured LIVE_LIST -> server/sofascore_live.json
2026-01-06 01:06:59,923 [INFO] [AUTO-STATS] Processing batch 1/1 (5 matches)
2026-01-06 01:07:01,331 [INFO] [AUTO-STATS] Processing batch 1/1 (5 matches)
2026-01-06 01:07:04,556 [INFO] Captured DETAIL for 15264797 -> server/stats\15264797_detail.json
2026-01-06 01:07:04,558 [INFO] Captured DETAIL for 15264797 -> server/stats\15264797_detail.json
2026-01-06 01:07:04,558 [WARNING] API Error for 15264797 (STATS), saving empty marker.
2026-01-06 01:07:04,560 [WARNING] API Error for 15264797 (STATS), saving empty marker.
2026-01-06 01:07:08,573 [INFO] Periodic manual fetch for LIVE_LIST (TS: 1767658028)
2026-01-06 01:07:10,065 [INFO] Captured LIVE_LIST -> server/sofascore_live.json
2026-01-06 01:07:12,581 [INFO] Periodic manual fetch for LIVE_LIST (TS: 1767658032)
2026-01-06 01:07:14,458 [INFO] Captured LIVE_LIST -> server/sofascore_live.json
2026-01-06 01:07:26,108 [INFO] Periodic manual fetch for LIVE_LIST (TS: 1767658046)
2026-01-06 01:07:27,639 [INFO] Captured LIVE_LIST -> server/sofascore_live.json
2026-01-06 01:07:30,494 [INFO] Periodic manual fetch for LIVE_LIST (TS: 1767658050)
2026-01-06 01:07:31,647 [INFO] Processing queue: 1 matches
2026-01-06 01:07:31,647 [INFO] Targeted fetch for Match ID: 15013841
2026-01-06 01:07:35,586 [INFO] Captured DETAIL for 15013841 -> server/stats\15013841_detail.json
2026-01-06 01:07:36,573 [INFO] Captured STATS for 15013841 -> server/stats\15013841_stats.json
2026-01-06 01:07:36,574 [INFO] [AUTO-STATS] Processing batch 1/1 (5 matches)
2026-01-06 01:07:42,832 [INFO] Captured LIVE_LIST -> server/sofascore_live.json
2026-01-06 01:07:42,834 [INFO] [AUTO-STATS] Processing batch 1/1 (5 matches)
2026-01-06 01:07:44,038 [INFO] Captured DETAIL for 15227463 -> server/stats\15227463_detail.json
2026-01-06 01:07:44,045 [WARNING] API Error for 15227463 (STATS), saving empty marker.
2026-01-06 01:07:44,494 [INFO] Captured DETAIL for 15227518 -> server/stats\15227518_detail.json
2026-01-06 01:07:44,498 [WARNING] API Error for 15227518 (STATS), saving empty marker.
2026-01-06 01:07:44,906 [INFO] Captured DETAIL for 15227617 -> server/stats\15227617_detail.json
2026-01-06 01:07:44,912 [WARNING] API Error for 15227617 (STATS), saving empty marker.
2026-01-06 01:07:45,314 [INFO] Captured DETAIL for 15264798 -> server/stats\15264798_detail.json
2026-01-06 01:07:45,319 [WARNING] API Error for 15264798 (STATS), saving empty marker.
2026-01-06 01:07:45,343 [INFO] Periodic manual fetch for LIVE_LIST (TS: 1767658065)
2026-01-06 01:07:46,854 [INFO] Captured LIVE_LIST -> server/sofascore_live.json
2026-01-06 01:07:48,447 [INFO] Captured DETAIL for 15227463 -> server/stats\15227463_detail.json
2026-01-06 01:07:48,454 [WARNING] API Error for 15227463 (STATS), saving empty marker.
2026-01-06 01:07:48,891 [INFO] Captured DETAIL for 15227518 -> server/stats\15227518_detail.json
2026-01-06 01:07:48,898 [WARNING] API Error for 15227518 (STATS), saving empty marker.
2026-01-06 01:07:49,335 [INFO] Captured DETAIL for 15227617 -> server/stats\15227617_detail.json
2026-01-06 01:07:49,342 [WARNING] API Error for 15227617 (STATS), saving empty marker.
2026-01-06 01:07:49,662 [INFO] Captured DETAIL for 15264798 -> server/stats\15264798_detail.json
2026-01-06 01:07:49,667 [WARNING] API Error for 15264798 (STATS), saving empty marker.
2026-01-06 01:07:59,729 [INFO] Periodic manual fetch for LIVE_LIST (TS: 1767658079)
2026-01-06 01:08:02,523 [INFO] Captured LIVE_LIST -> server/sofascore_live.json
2026-01-06 01:08:02,882 [INFO] Periodic manual fetch for LIVE_LIST (TS: 1767658082)
2026-01-06 01:08:04,373 [INFO] Captured LIVE_LIST -> server/sofascore_live.json
2026-01-06 01:08:10,385 [INFO] [AUTO-STATS] Processing batch 1/1 (5 matches)
2026-01-06 01:08:13,545 [INFO] Captured DETAIL for 15264797 -> server/stats\15264797_detail.json
2026-01-06 01:08:13,552 [WARNING] API Error for 15264797 (STATS), saving empty marker.
2026-01-06 01:08:16,556 [INFO] [AUTO-STATS] Processing batch 1/1 (5 matches)
2026-01-06 01:08:18,561 [INFO] Periodic manual fetch for LIVE_LIST (TS: 1767658098)
2026-01-06 01:08:19,577 [INFO] Periodic manual fetch for LIVE_LIST (TS: 1767658099)
2026-01-06 01:08:20,092 [INFO] Captured LIVE_LIST -> server/sofascore_live.json
2026-01-06 01:08:21,159 [INFO] Captured LIVE_LIST -> server/sofascore_live.json
2026-01-06 01:08:31,182 [INFO] Processing queue: 1 matches
2026-01-06 01:08:31,183 [INFO] Targeted fetch for Match ID: 15013845
2026-01-06 01:08:35,110 [INFO] Captured DETAIL for 15013845 -> server/stats\15013845_detail.json
2026-01-06 01:08:35,888 [INFO] Captured STATS for 15013845 -> server/stats\15013845_stats.json
2026-01-06 01:08:36,118 [INFO] Periodic manual fetch for LIVE_LIST (TS: 1767658116)
2026-01-06 01:08:37,893 [INFO] Periodic manual fetch for LIVE_LIST (TS: 1767658117)
2026-01-06 01:08:38,316 [INFO] Captured LIVE_LIST -> server/sofascore_live.json
2026-01-06 01:08:39,380 [INFO] Captured LIVE_LIST -> server/sofascore_live.json
2026-01-06 01:08:41,384 [INFO] [AUTO-STATS] Processing batch 1/1 (5 matches)
2026-01-06 01:08:41,385 [INFO] Processing queue: 1 matches
2026-01-06 01:08:41,385 [INFO] Targeted fetch for Match ID: 15013841
2026-01-06 01:08:42,324 [INFO] Safety net: Refreshing page...
2026-01-06 01:08:47,482 [INFO] Captured DETAIL for 15013841 -> server/stats\15013841_detail.json
2026-01-06 01:08:49,036 [INFO] Captured STATS for 15013841 -> server/stats\15013841_stats.json
2026-01-06 01:08:49,037 [INFO] Processing queue: 1 matches
2026-01-06 01:08:49,038 [INFO] Targeted fetch for Match ID: 15013841
2026-01-06 01:08:53,406 [INFO] Captured DETAIL for 15013841 -> server/stats\15013841_detail.json
2026-01-06 01:08:55,574 [INFO] [AUTO-STATS] Processing batch 1/1 (5 matches)
2026-01-06 01:08:56,474 [INFO] Captured STATS for 15013841 -> server/stats\15013841_stats.json
2026-01-06 01:08:56,474 [INFO] Periodic manual fetch for LIVE_LIST (TS: 1767658136)
2026-01-06 01:08:58,685 [INFO] Captured LIVE_LIST -> server/sofascore_live.json
2026-01-06 01:09:01,251 [INFO] Captured DETAIL for 14025061 -> server/stats\14025061_detail.json
2026-01-06 01:09:01,580 [INFO] Captured DETAIL for 14025049 -> server/stats\14025049_detail.json
2026-01-06 01:09:02,009 [INFO] Captured DETAIL for 14025037 -> server/stats\14025037_detail.json
2026-01-06 01:09:02,419 [INFO] Captured DETAIL for 14025019 -> server/stats\14025019_detail.json
2026-01-06 01:09:03,262 [INFO] Captured DETAIL for 13981608 -> server/stats\13981608_detail.json
2026-01-06 01:09:04,112 [INFO] Captured DETAIL for 15227463 -> server/stats\15227463_detail.json
2026-01-06 01:09:04,115 [WARNING] API Error for 15227463 (STATS), saving empty marker.
2026-01-06 01:09:04,768 [INFO] Captured DETAIL for 15227518 -> server/stats\15227518_detail.json
2026-01-06 01:09:04,772 [WARNING] API Error for 15227518 (STATS), saving empty marker.
2026-01-06 01:09:06,362 [INFO] Captured DETAIL for 15227617 -> server/stats\15227617_detail.json
2026-01-06 01:09:06,365 [WARNING] API Error for 15227617 (STATS), saving empty marker.
2026-01-06 01:09:07,588 [INFO] Captured DETAIL for 15264798 -> server/stats\15264798_detail.json
2026-01-06 01:09:07,591 [WARNING] API Error for 15264798 (STATS), saving empty marker.
2026-01-06 01:09:07,626 [INFO] Periodic manual fetch for LIVE_LIST (TS: 1767658147)
2026-01-06 01:09:09,424 [INFO] Captured LIVE_LIST -> server/sofascore_live.json
2026-01-06 01:09:12,704 [INFO] [AUTO-STATS] Processing batch 1/1 (5 matches)
2026-01-06 01:09:14,706 [INFO] Periodic manual fetch for LIVE_LIST (TS: 1767658154)
2026-01-06 01:09:16,307 [INFO] Captured LIVE_LIST -> server/sofascore_live.json
2026-01-06 02:23:11,381 [INFO] Launching undetected-chromedriver...
2026-01-06 02:24:49,442 [ERROR] FATAL ERROR in capture loop: [WinError 183] Halen varolan bir dosya oluþturulamaz: 'C:\\Users\\ok\\appdata\\roaming\\undetected_chromedriver\\undetected\\chromedriver-win32\\chromedriver.exe' -> 'C:\\Users\\ok\\appdata\\roaming\\undetected_chromedriver\\undetected_chromedriver.exe'
Traceback (most recent call last):
  File "C:\Users\ok\Desktop\Is Projeleri\LIVE\LIVEBETCODE\server\sofascore_scraper.py", line 78, in capture_sofascore
    driver = get_scraper()
  File "C:\Users\ok\Desktop\Is Projeleri\LIVE\LIVEBETCODE\server\sofascore_scraper.py", line 72, in get_scraper
    driver = uc.Chrome(options=options, desired_capabilities=caps)
  File "C:\Users\ok\AppData\Local\Programs\Python\Python313\Lib\site-packages\undetected_chromedriver\__init__.py", line 258, in __init__
    self.patcher.auto()
    ~~~~~~~~~~~~~~~~~^^
  File "C:\Users\ok\AppData\Local\Programs\Python\Python313\Lib\site-packages\undetected_chromedriver\patcher.py", line 178, in auto
    self.unzip_package(self.fetch_package())
    ~~~~~~~~~~~~~~~~~~^^^^^^^^^^^^^^^^^^^^^^
  File "C:\Users\ok\AppData\Local\Programs\Python\Python313\Lib\site-packages\undetected_chromedriver\patcher.py", line 310, in unzip_package
    os.rename(os.path.join(self.zip_path, exe_path), self.executable_path)
    ~~~~~~~~~^^^^^^^^^^^^^^^^^^^^^^^^^^^^^^^^^^^^^^^^^^^^^^^^^^^^^^^^^^^^^
FileExistsError: [WinError 183] Halen varolan bir dosya oluþturulamaz: 'C:\\Users\\ok\\appdata\\roaming\\undetected_chromedriver\\undetected\\chromedriver-win32\\chromedriver.exe' -> 'C:\\Users\\ok\\appdata\\roaming\\undetected_chromedriver\\undetected_chromedriver.exe'
2026-01-06 02:24:54,981 [INFO] Launching undetected-chromedriver...
2026-01-06 02:24:54,991 [WARNING] could not detect version_main.therefore, we are assuming it is chrome 108 or higher
2026-01-06 02:26:08,961 [INFO] Captured DETAIL for 14025019 -> server/stats\14025019_detail.json
2026-01-06 02:26:09,292 [INFO] Captured DETAIL for 14025037 -> server/stats\14025037_detail.json
2026-01-06 02:26:09,720 [INFO] Captured DETAIL for 13981608 -> server/stats\13981608_detail.json
2026-01-06 02:26:10,457 [INFO] Captured DETAIL for 14025061 -> server/stats\14025061_detail.json
2026-01-06 02:26:11,237 [INFO] Captured DETAIL for 14025049 -> server/stats\14025049_detail.json
2026-01-06 02:26:11,243 [INFO] Periodic manual fetch for LIVE_LIST (TS: 1767662771)
2026-01-06 02:26:12,862 [INFO] Captured LIVE_LIST -> server/sofascore_live.json
2026-01-06 02:26:12,863 [INFO] [AUTO-STATS] Processing batch 1/1 (5 matches)
2026-01-06 02:26:16,916 [INFO] Processing queue: 1 matches
2026-01-06 02:26:16,916 [INFO] Targeted fetch for Match ID: 15013841
2026-01-06 02:26:21,563 [INFO] Captured DETAIL for 15227463 -> server/stats\15227463_detail.json
2026-01-06 02:26:21,567 [WARNING] API Error for 15227463 (STATS), saving empty marker.
2026-01-06 02:26:22,210 [INFO] Captured DETAIL for 15227523 -> server/stats\15227523_detail.json
2026-01-06 02:26:22,212 [WARNING] API Error for 15227523 (STATS), saving empty marker.
2026-01-06 02:26:23,549 [INFO] Captured DETAIL for 15303633 -> server/stats\15303633_detail.json
2026-01-06 02:26:23,995 [INFO] Captured STATS for 15303633 -> server/stats\15303633_stats.json
2026-01-06 02:26:24,870 [INFO] Captured DETAIL for 15264798 -> server/stats\15264798_detail.json
2026-01-06 02:26:24,872 [WARNING] API Error for 15264798 (STATS), saving empty marker.
2026-01-06 02:26:25,288 [INFO] Captured DETAIL for 15264797 -> server/stats\15264797_detail.json
2026-01-06 02:26:25,290 [WARNING] API Error for 15264797 (STATS), saving empty marker.
2026-01-06 02:26:26,280 [INFO] Captured DETAIL for 15013841 -> server/stats\15013841_detail.json
2026-01-06 02:26:27,132 [INFO] Captured STATS for 15013841 -> server/stats\15013841_stats.json
2026-01-06 02:26:27,133 [INFO] Processing queue: 1 matches
2026-01-06 02:26:27,133 [INFO] Targeted fetch for Match ID: 15013841
2026-01-06 02:26:31,891 [INFO] Captured DETAIL for 15013841 -> server/stats\15013841_detail.json
2026-01-06 02:26:32,652 [INFO] Captured STATS for 15013841 -> server/stats\15013841_stats.json
2026-01-06 02:26:32,652 [INFO] Periodic manual fetch for LIVE_LIST (TS: 1767662792)
2026-01-06 02:26:34,153 [INFO] Captured LIVE_LIST -> server/sofascore_live.json
2026-01-06 02:26:48,173 [INFO] [AUTO-STATS] Processing batch 1/1 (5 matches)
2026-01-06 02:26:50,176 [INFO] Periodic manual fetch for LIVE_LIST (TS: 1767662810)
2026-01-06 02:26:52,178 [INFO] Captured LIVE_LIST -> server/sofascore_live.json
2026-01-06 02:27:08,195 [INFO] Periodic manual fetch for LIVE_LIST (TS: 1767662828)
2026-01-06 02:27:10,406 [INFO] Captured LIVE_LIST -> server/sofascore_live.json
2026-01-06 02:27:18,416 [INFO] [AUTO-STATS] Processing batch 1/1 (5 matches)
2026-01-06 02:27:26,425 [INFO] Periodic manual fetch for LIVE_LIST (TS: 1767662846)
2026-01-06 02:27:27,926 [INFO] Captured LIVE_LIST -> server/sofascore_live.json
2026-01-06 02:27:33,934 [INFO] Processing queue: 1 matches
2026-01-06 02:27:33,934 [INFO] Targeted fetch for Match ID: 15013841
2026-01-06 02:27:37,795 [INFO] Captured DETAIL for 15013841 -> server/stats\15013841_detail.json
2026-01-06 02:27:38,878 [INFO] Captured STATS for 15013841 -> server/stats\15013841_stats.json
2026-01-06 02:27:38,879 [INFO] Processing queue: 1 matches
2026-01-06 02:27:38,879 [INFO] Targeted fetch for Match ID: 15013841
2026-01-06 02:27:42,798 [INFO] Captured DETAIL for 15013841 -> server/stats\15013841_detail.json
2026-01-06 02:27:43,733 [INFO] Captured STATS for 15013841 -> server/stats\15013841_stats.json
2026-01-06 02:27:43,733 [INFO] Periodic manual fetch for LIVE_LIST (TS: 1767662863)
2026-01-06 02:27:45,974 [INFO] Captured LIVE_LIST -> server/sofascore_live.json
2026-01-06 02:27:49,979 [INFO] [AUTO-STATS] Processing batch 1/1 (5 matches)
2026-01-06 02:27:56,411 [INFO] Captured DETAIL for 15227463 -> server/stats\15227463_detail.json
2026-01-06 02:27:56,415 [WARNING] API Error for 15227463 (STATS), saving empty marker.
2026-01-06 02:27:56,829 [INFO] Captured DETAIL for 15227523 -> server/stats\15227523_detail.json
2026-01-06 02:27:56,833 [WARNING] API Error for 15227523 (STATS), saving empty marker.
2026-01-06 02:27:57,352 [INFO] Captured DETAIL for 15303633 -> server/stats\15303633_detail.json
2026-01-06 02:27:58,581 [INFO] Captured STATS for 15303633 -> server/stats\15303633_stats.json
2026-01-06 02:27:59,628 [INFO] Captured DETAIL for 15264798 -> server/stats\15264798_detail.json
2026-01-06 02:27:59,631 [WARNING] API Error for 15264798 (STATS), saving empty marker.
2026-01-06 02:28:00,418 [INFO] Captured DETAIL for 15264797 -> server/stats\15264797_detail.json
2026-01-06 02:28:00,421 [WARNING] API Error for 15264797 (STATS), saving empty marker.
2026-01-06 02:28:02,445 [INFO] Periodic manual fetch for LIVE_LIST (TS: 1767662882)
2026-01-06 02:28:04,890 [INFO] Captured LIVE_LIST -> server/sofascore_live.json
2026-01-06 02:28:20,910 [INFO] Periodic manual fetch for LIVE_LIST (TS: 1767662900)
2026-01-06 02:28:24,195 [INFO] Captured LIVE_LIST -> server/sofascore_live.json
2026-01-06 02:28:24,196 [INFO] [AUTO-STATS] Processing batch 1/1 (5 matches)
2026-01-06 02:28:40,220 [INFO] Periodic manual fetch for LIVE_LIST (TS: 1767662920)
2026-01-06 02:28:41,700 [INFO] Captured LIVE_LIST -> server/sofascore_live.json
2026-01-06 02:28:55,717 [INFO] [AUTO-STATS] Processing batch 1/1 (5 matches)
2026-01-06 02:28:57,720 [INFO] Periodic manual fetch for LIVE_LIST (TS: 1767662937)
2026-01-06 02:28:59,618 [INFO] Captured LIVE_LIST -> server/sofascore_live.json
2026-01-06 02:28:59,619 [INFO] Processing queue: 1 matches
2026-01-06 02:28:59,619 [INFO] Targeted fetch for Match ID: 15013841
2026-01-06 02:29:03,586 [INFO] Captured DETAIL for 15013841 -> server/stats\15013841_detail.json
2026-01-06 02:29:04,673 [INFO] Captured STATS for 15013841 -> server/stats\15013841_stats.json
2026-01-06 02:29:04,673 [INFO] Processing queue: 1 matches
2026-01-06 02:29:04,673 [INFO] Targeted fetch for Match ID: 15013841
2026-01-06 02:29:09,025 [INFO] Captured DETAIL for 15013841 -> server/stats\15013841_detail.json
2026-01-06 02:29:09,743 [INFO] Captured STATS for 15013841 -> server/stats\15013841_stats.json
2026-01-06 02:29:15,750 [INFO] Periodic manual fetch for LIVE_LIST (TS: 1767662955)
2026-01-06 02:29:17,760 [INFO] Captured LIVE_LIST -> server/sofascore_live.json
2026-01-06 02:29:25,770 [INFO] [AUTO-STATS] Processing batch 1/1 (5 matches)
2026-01-06 02:29:32,255 [INFO] Captured DETAIL for 15227463 -> server/stats\15227463_detail.json
2026-01-06 02:29:32,257 [WARNING] API Error for 15227463 (STATS), saving empty marker.
2026-01-06 02:29:33,346 [INFO] Captured DETAIL for 15227523 -> server/stats\15227523_detail.json
2026-01-06 02:29:33,445 [WARNING] API Error for 15227523 (STATS), saving empty marker.
2026-01-06 02:29:33,798 [INFO] Captured DETAIL for 15303633 -> server/stats\15303633_detail.json
2026-01-06 02:29:34,231 [INFO] Captured STATS for 15303633 -> server/stats\15303633_stats.json
2026-01-06 02:29:34,547 [INFO] Captured DETAIL for 15264798 -> server/stats\15264798_detail.json
2026-01-06 02:29:34,549 [WARNING] API Error for 15264798 (STATS), saving empty marker.
2026-01-06 02:29:34,986 [INFO] Captured DETAIL for 15264797 -> server/stats\15264797_detail.json
2026-01-06 02:29:34,989 [WARNING] API Error for 15264797 (STATS), saving empty marker.
2026-01-06 02:29:35,003 [INFO] Periodic manual fetch for LIVE_LIST (TS: 1767662975)
2026-01-06 02:29:36,938 [INFO] Captured LIVE_LIST -> server/sofascore_live.json
2026-01-06 02:29:52,959 [INFO] Periodic manual fetch for LIVE_LIST (TS: 1767662992)
2026-01-06 02:29:54,834 [INFO] Captured LIVE_LIST -> server/sofascore_live.json
2026-01-06 02:30:00,841 [INFO] [AUTO-STATS] Processing batch 1/1 (5 matches)
2026-01-06 02:30:10,854 [INFO] Periodic manual fetch for LIVE_LIST (TS: 1767663010)
2026-01-06 02:30:13,423 [INFO] Captured LIVE_LIST -> server/sofascore_live.json
2026-01-06 02:30:15,426 [INFO] Processing queue: 1 matches
2026-01-06 02:30:15,426 [INFO] Targeted fetch for Match ID: 15013841
2026-01-06 02:30:19,463 [INFO] Captured DETAIL for 15013841 -> server/stats\15013841_detail.json
2026-01-06 02:30:20,140 [INFO] Captured STATS for 15013841 -> server/stats\15013841_stats.json
2026-01-06 02:30:20,141 [INFO] Processing queue: 1 matches
2026-01-06 02:30:20,141 [INFO] Targeted fetch for Match ID: 15013841
2026-01-06 02:30:24,543 [INFO] Captured DETAIL for 15013841 -> server/stats\15013841_detail.json
2026-01-06 02:30:26,272 [INFO] Captured STATS for 15013841 -> server/stats\15013841_stats.json
2026-01-06 02:30:30,277 [INFO] Periodic manual fetch for LIVE_LIST (TS: 1767663030)
2026-01-06 02:30:32,330 [INFO] Captured LIVE_LIST -> server/sofascore_live.json
2026-01-06 02:30:32,331 [INFO] [AUTO-STATS] Processing batch 1/1 (5 matches)
2026-01-06 02:30:37,708 [INFO] Captured DETAIL for 15227463 -> server/stats\15227463_detail.json
2026-01-06 02:30:37,712 [WARNING] API Error for 15227463 (STATS), saving empty marker.
2026-01-06 02:30:47,758 [INFO] Periodic manual fetch for LIVE_LIST (TS: 1767663047)
2026-01-06 02:30:49,708 [INFO] Captured LIVE_LIST -> server/sofascore_live.json
2026-01-06 02:31:03,724 [INFO] [AUTO-STATS] Processing batch 1/1 (5 matches)
2026-01-06 02:31:09,496 [INFO] Captured DETAIL for 15227523 -> server/stats\15227523_detail.json
2026-01-06 02:31:09,499 [WARNING] API Error for 15227523 (STATS), saving empty marker.
2026-01-06 02:31:09,828 [INFO] Captured DETAIL for 15303633 -> server/stats\15303633_detail.json
2026-01-06 02:31:10,201 [INFO] Captured STATS for 15303633 -> server/stats\15303633_stats.json
2026-01-06 02:31:10,627 [INFO] Captured DETAIL for 15264798 -> server/stats\15264798_detail.json
2026-01-06 02:31:10,630 [WARNING] API Error for 15264798 (STATS), saving empty marker.
2026-01-06 02:31:11,058 [INFO] Captured DETAIL for 15264797 -> server/stats\15264797_detail.json
2026-01-06 02:31:11,061 [WARNING] API Error for 15264797 (STATS), saving empty marker.
2026-01-06 02:31:11,083 [INFO] Periodic manual fetch for LIVE_LIST (TS: 1767663071)
2026-01-06 02:31:12,903 [INFO] Captured LIVE_LIST -> server/sofascore_live.json
2026-01-06 02:31:28,928 [INFO] Periodic manual fetch for LIVE_LIST (TS: 1767663088)
2026-01-06 02:31:30,778 [INFO] Captured LIVE_LIST -> server/sofascore_live.json
2026-01-06 02:31:30,779 [INFO] Processing queue: 1 matches
2026-01-06 02:31:30,779 [INFO] Targeted fetch for Match ID: 15013841
2026-01-06 02:31:35,221 [INFO] Captured DETAIL for 15013841 -> server/stats\15013841_detail.json
2026-01-06 02:31:36,069 [INFO] Captured STATS for 15013841 -> server/stats\15013841_stats.json
2026-01-06 02:31:38,076 [INFO] [AUTO-STATS] Processing batch 1/1 (5 matches)
2026-01-06 02:31:41,246 [INFO] Captured DETAIL for 15227463 -> server/stats\15227463_detail.json
2026-01-06 02:31:41,248 [WARNING] API Error for 15227463 (STATS), saving empty marker.
2026-01-06 02:31:47,261 [INFO] Periodic manual fetch for LIVE_LIST (TS: 1767663107)
2026-01-06 02:31:49,167 [INFO] Captured LIVE_LIST -> server/sofascore_live.json
2026-01-06 02:32:05,186 [INFO] Periodic manual fetch for LIVE_LIST (TS: 1767663125)
2026-01-06 02:32:07,094 [INFO] Captured LIVE_LIST -> server/sofascore_live.json
2026-01-06 02:32:09,097 [INFO] [AUTO-STATS] Processing batch 1/1 (5 matches)
2026-01-06 02:32:23,115 [INFO] Periodic manual fetch for LIVE_LIST (TS: 1767663143)
2026-01-06 02:32:25,345 [INFO] Captured LIVE_LIST -> server/sofascore_live.json
2026-01-06 02:32:37,362 [INFO] Processing queue: 1 matches
2026-01-06 02:32:37,362 [INFO] Targeted fetch for Match ID: 15013841
2026-01-06 02:32:41,428 [INFO] Captured DETAIL for 15013841 -> server/stats\15013841_detail.json
2026-01-06 02:32:42,192 [INFO] Captured STATS for 15013841 -> server/stats\15013841_stats.json
2026-01-06 02:32:42,194 [INFO] Periodic manual fetch for LIVE_LIST (TS: 1767663162)
2026-01-06 02:32:44,177 [INFO] Captured LIVE_LIST -> server/sofascore_live.json
2026-01-06 02:32:44,178 [INFO] [AUTO-STATS] Processing batch 1/1 (5 matches)
2026-01-06 02:32:50,668 [INFO] Captured DETAIL for 15227463 -> server/stats\15227463_detail.json
2026-01-06 02:32:50,672 [WARNING] API Error for 15227463 (STATS), saving empty marker.
2026-01-06 02:32:51,116 [INFO] Captured DETAIL for 15227523 -> server/stats\15227523_detail.json
2026-01-06 02:32:51,119 [WARNING] API Error for 15227523 (STATS), saving empty marker.
2026-01-06 02:32:51,434 [INFO] Captured DETAIL for 15303633 -> server/stats\15303633_detail.json
2026-01-06 02:32:51,889 [INFO] Captured STATS for 15303633 -> server/stats\15303633_stats.json
2026-01-06 02:32:52,347 [INFO] Captured DETAIL for 15264798 -> server/stats\15264798_detail.json
2026-01-06 02:32:52,349 [WARNING] API Error for 15264798 (STATS), saving empty marker.
2026-01-06 02:32:52,669 [INFO] Captured DETAIL for 15264797 -> server/stats\15264797_detail.json
2026-01-06 02:32:52,672 [WARNING] API Error for 15264797 (STATS), saving empty marker.
2026-01-06 02:33:00,687 [INFO] Periodic manual fetch for LIVE_LIST (TS: 1767663180)
2026-01-06 02:33:02,753 [INFO] Captured LIVE_LIST -> server/sofascore_live.json
2026-01-06 02:33:18,780 [INFO] Periodic manual fetch for LIVE_LIST (TS: 1767663198)
2026-01-06 02:33:20,325 [INFO] Captured LIVE_LIST -> server/sofascore_live.json
2026-01-06 02:33:20,326 [INFO] [AUTO-STATS] Processing batch 1/1 (5 matches)
2026-01-06 02:33:36,385 [INFO] Periodic manual fetch for LIVE_LIST (TS: 1767663216)
2026-01-06 02:33:38,606 [INFO] Captured LIVE_LIST -> server/sofascore_live.json
2026-01-06 02:33:50,638 [INFO] [AUTO-STATS] Processing batch 1/1 (5 matches)
2026-01-06 02:33:54,648 [INFO] Periodic manual fetch for LIVE_LIST (TS: 1767663234)
2026-01-06 02:33:56,119 [INFO] Captured LIVE_LIST -> server/sofascore_live.json
2026-01-06 02:34:12,151 [INFO] Periodic manual fetch for LIVE_LIST (TS: 1767663252)
2026-01-06 02:34:13,665 [INFO] Captured LIVE_LIST -> server/sofascore_live.json
2026-01-06 02:34:21,682 [INFO] [AUTO-STATS] Processing batch 1/1 (5 matches)
2026-01-06 02:34:28,177 [INFO] Captured DETAIL for 15227463 -> server/stats\15227463_detail.json
2026-01-06 02:34:28,179 [WARNING] API Error for 15227463 (STATS), saving empty marker.
2026-01-06 02:34:28,882 [INFO] Captured DETAIL for 15227523 -> server/stats\15227523_detail.json
2026-01-06 02:34:28,884 [WARNING] API Error for 15227523 (STATS), saving empty marker.
2026-01-06 02:34:29,385 [INFO] Captured DETAIL for 15303633 -> server/stats\15303633_detail.json
2026-01-06 02:34:29,822 [INFO] Captured STATS for 15303633 -> server/stats\15303633_stats.json
2026-01-06 02:34:30,252 [INFO] Captured DETAIL for 15264798 -> server/stats\15264798_detail.json
2026-01-06 02:34:30,254 [WARNING] API Error for 15264798 (STATS), saving empty marker.
2026-01-06 02:34:30,556 [INFO] Captured DETAIL for 15264797 -> server/stats\15264797_detail.json
2026-01-06 02:34:30,558 [WARNING] API Error for 15264797 (STATS), saving empty marker.
2026-01-06 02:34:30,564 [INFO] Periodic manual fetch for LIVE_LIST (TS: 1767663270)
2026-01-06 02:34:32,041 [INFO] Captured LIVE_LIST -> server/sofascore_live.json
2026-01-06 02:34:32,042 [INFO] Processing queue: 1 matches
2026-01-06 02:34:32,042 [INFO] Targeted fetch for Match ID: 15013841
2026-01-06 02:34:35,861 [INFO] Captured DETAIL for 15013841 -> server/stats\15013841_detail.json
2026-01-06 02:34:36,418 [INFO] Captured STATS for 15013841 -> server/stats\15013841_stats.json
2026-01-06 02:34:48,436 [INFO] Periodic manual fetch for LIVE_LIST (TS: 1767663288)
2026-01-06 02:34:49,888 [INFO] Captured LIVE_LIST -> server/sofascore_live.json
2026-01-06 02:34:55,898 [INFO] [AUTO-STATS] Processing batch 1/1 (5 matches)
2026-01-06 02:35:05,912 [INFO] Periodic manual fetch for LIVE_LIST (TS: 1767663305)
2026-01-06 02:35:07,399 [INFO] Captured LIVE_LIST -> server/sofascore_live.json
2026-01-06 02:35:23,417 [INFO] Periodic manual fetch for LIVE_LIST (TS: 1767663323)
2026-01-06 02:35:24,876 [INFO] Captured LIVE_LIST -> server/sofascore_live.json
2026-01-06 02:35:26,878 [INFO] [AUTO-STATS] Processing batch 1/1 (5 matches)
2026-01-06 02:35:40,900 [INFO] Periodic manual fetch for LIVE_LIST (TS: 1767663340)
2026-01-06 02:35:42,383 [INFO] Captured LIVE_LIST -> server/sofascore_live.json
2026-01-06 02:35:58,400 [INFO] Periodic manual fetch for LIVE_LIST (TS: 1767663358)
2026-01-06 02:35:59,859 [INFO] Captured LIVE_LIST -> server/sofascore_live.json
2026-01-06 02:35:59,859 [INFO] [AUTO-STATS] Processing batch 1/1 (5 matches)
2026-01-06 02:36:06,302 [INFO] Captured DETAIL for 15227463 -> server/stats\15227463_detail.json
2026-01-06 02:36:06,305 [WARNING] API Error for 15227463 (STATS), saving empty marker.
2026-01-06 02:36:06,608 [INFO] Captured DETAIL for 15227523 -> server/stats\15227523_detail.json
2026-01-06 02:36:06,610 [WARNING] API Error for 15227523 (STATS), saving empty marker.
2026-01-06 02:36:06,922 [INFO] Captured DETAIL for 15303633 -> server/stats\15303633_detail.json
2026-01-06 02:36:07,250 [INFO] Captured STATS for 15303633 -> server/stats\15303633_stats.json
2026-01-06 02:36:07,752 [INFO] Captured DETAIL for 15264798 -> server/stats\15264798_detail.json
2026-01-06 02:36:07,754 [WARNING] API Error for 15264798 (STATS), saving empty marker.
2026-01-06 02:36:08,064 [INFO] Captured DETAIL for 15264797 -> server/stats\15264797_detail.json
2026-01-06 02:36:08,066 [WARNING] API Error for 15264797 (STATS), saving empty marker.
2026-01-06 02:36:10,094 [INFO] Safety net: Refreshing page...
2026-01-06 02:36:24,351 [INFO] Captured DETAIL for 13981608 -> server/stats\13981608_detail.json
2026-01-06 02:36:24,789 [INFO] Captured DETAIL for 14025049 -> server/stats\14025049_detail.json
2026-01-06 02:36:25,125 [INFO] Captured DETAIL for 14025037 -> server/stats\14025037_detail.json
2026-01-06 02:36:25,439 [INFO] Captured DETAIL for 14025061 -> server/stats\14025061_detail.json
2026-01-06 02:36:25,882 [INFO] Captured DETAIL for 14025019 -> server/stats\14025019_detail.json
2026-01-06 02:36:25,884 [INFO] Periodic manual fetch for LIVE_LIST (TS: 1767663385)
2026-01-06 02:36:27,393 [INFO] Captured LIVE_LIST -> server/sofascore_live.json
2026-01-06 02:36:31,398 [INFO] Processing queue: 1 matches
2026-01-06 02:36:31,398 [INFO] Targeted fetch for Match ID: 15013841
2026-01-06 02:36:35,446 [INFO] Captured DETAIL for 15013841 -> server/stats\15013841_detail.json
2026-01-06 02:36:36,104 [INFO] Captured STATS for 15013841 -> server/stats\15013841_stats.json
2026-01-06 02:36:36,105 [INFO] [AUTO-STATS] Processing batch 1/1 (5 matches)
2026-01-06 02:36:44,114 [INFO] Periodic manual fetch for LIVE_LIST (TS: 1767663404)
2026-01-06 02:36:45,552 [INFO] Captured LIVE_LIST -> server/sofascore_live.json
2026-01-06 02:37:01,567 [INFO] Periodic manual fetch for LIVE_LIST (TS: 1767663421)
2026-01-06 02:37:03,069 [INFO] Captured LIVE_LIST -> server/sofascore_live.json
2026-01-06 02:37:07,076 [INFO] [AUTO-STATS] Processing batch 1/1 (5 matches)
2026-01-06 02:37:13,481 [INFO] Captured DETAIL for 15227463 -> server/stats\15227463_detail.json
2026-01-06 02:37:13,485 [WARNING] API Error for 15227463 (STATS), saving empty marker.
2026-01-06 02:37:13,885 [INFO] Captured DETAIL for 15227523 -> server/stats\15227523_detail.json
2026-01-06 02:37:13,887 [WARNING] API Error for 15227523 (STATS), saving empty marker.
2026-01-06 02:37:14,306 [INFO] Captured DETAIL for 15303633 -> server/stats\15303633_detail.json
2026-01-06 02:37:14,726 [INFO] Captured STATS for 15303633 -> server/stats\15303633_stats.json
2026-01-06 02:37:15,063 [INFO] Captured DETAIL for 15264798 -> server/stats\15264798_detail.json
2026-01-06 02:37:15,066 [WARNING] API Error for 15264798 (STATS), saving empty marker.
2026-01-06 02:37:15,376 [INFO] Captured DETAIL for 15264797 -> server/stats\15264797_detail.json
2026-01-06 02:37:15,378 [WARNING] API Error for 15264797 (STATS), saving empty marker.
2026-01-06 02:37:19,390 [INFO] Periodic manual fetch for LIVE_LIST (TS: 1767663439)
2026-01-06 02:37:20,907 [INFO] Captured LIVE_LIST -> server/sofascore_live.json
2026-01-06 02:37:36,927 [INFO] Periodic manual fetch for LIVE_LIST (TS: 1767663456)
2026-01-06 02:37:38,389 [INFO] Captured LIVE_LIST -> server/sofascore_live.json
2026-01-06 02:37:42,394 [INFO] [AUTO-STATS] Processing batch 1/1 (5 matches)
2026-01-06 02:37:54,408 [INFO] Periodic manual fetch for LIVE_LIST (TS: 1767663474)
2026-01-06 02:37:55,906 [INFO] Captured LIVE_LIST -> server/sofascore_live.json
2026-01-06 02:38:11,929 [INFO] Periodic manual fetch for LIVE_LIST (TS: 1767663491)
2026-01-06 02:38:13,643 [INFO] Captured LIVE_LIST -> server/sofascore_live.json
2026-01-06 02:38:13,644 [INFO] [AUTO-STATS] Processing batch 1/1 (5 matches)
2026-01-06 02:38:20,136 [INFO] Captured DETAIL for 15227463 -> server/stats\15227463_detail.json
2026-01-06 02:38:20,138 [WARNING] API Error for 15227463 (STATS), saving empty marker.
2026-01-06 02:38:20,774 [INFO] Captured DETAIL for 15227523 -> server/stats\15227523_detail.json
2026-01-06 02:38:20,776 [WARNING] API Error for 15227523 (STATS), saving empty marker.
2026-01-06 02:38:21,811 [INFO] Captured DETAIL for 15303633 -> server/stats\15303633_detail.json
2026-01-06 02:38:22,256 [INFO] Captured STATS for 15303633 -> server/stats\15303633_stats.json
2026-01-06 02:38:23,432 [INFO] Captured DETAIL for 15264798 -> server/stats\15264798_detail.json
2026-01-06 02:38:23,435 [WARNING] API Error for 15264798 (STATS), saving empty marker.
2026-01-06 02:38:23,860 [INFO] Captured DETAIL for 15264797 -> server/stats\15264797_detail.json
2026-01-06 02:38:23,862 [WARNING] API Error for 15264797 (STATS), saving empty marker.
2026-01-06 02:38:29,888 [INFO] Periodic manual fetch for LIVE_LIST (TS: 1767663509)
2026-01-06 02:38:31,365 [INFO] Captured LIVE_LIST -> server/sofascore_live.json
2026-01-06 02:38:31,366 [INFO] Processing queue: 1 matches
2026-01-06 02:38:31,366 [INFO] Targeted fetch for Match ID: 15013841
2026-01-06 02:38:35,247 [INFO] Captured DETAIL for 15013841 -> server/stats\15013841_detail.json
2026-01-06 02:38:35,788 [INFO] Captured STATS for 15013841 -> server/stats\15013841_stats.json
2026-01-06 02:38:47,801 [INFO] Periodic manual fetch for LIVE_LIST (TS: 1767663527)
2026-01-06 02:38:49,145 [INFO] Captured LIVE_LIST -> server/sofascore_live.json
2026-01-06 02:38:49,145 [INFO] [AUTO-STATS] Processing batch 1/1 (4 matches)
2026-01-06 02:39:05,166 [INFO] Periodic manual fetch for LIVE_LIST (TS: 1767663545)
2026-01-06 02:39:06,631 [INFO] Captured LIVE_LIST -> server/sofascore_live.json
2026-01-06 02:39:20,655 [INFO] [AUTO-STATS] Processing batch 1/1 (4 matches)
2026-01-06 02:39:22,657 [INFO] Periodic manual fetch for LIVE_LIST (TS: 1767663562)
2026-01-06 02:39:24,141 [INFO] Captured LIVE_LIST -> server/sofascore_live.json
2026-01-06 02:39:40,159 [INFO] Periodic manual fetch for LIVE_LIST (TS: 1767663580)
2026-01-06 02:39:41,698 [INFO] Captured LIVE_LIST -> server/sofascore_live.json
2026-01-06 02:39:51,710 [INFO] [AUTO-STATS] Processing batch 1/1 (4 matches)
2026-01-06 02:39:57,369 [INFO] Captured DETAIL for 15227523 -> server/stats\15227523_detail.json
2026-01-06 02:39:57,372 [WARNING] API Error for 15227523 (STATS), saving empty marker.
2026-01-06 02:39:57,798 [INFO] Captured DETAIL for 15303633 -> server/stats\15303633_detail.json
2026-01-06 02:39:58,132 [INFO] Captured STATS for 15303633 -> server/stats\15303633_stats.json
2026-01-06 02:39:58,450 [INFO] Captured DETAIL for 15264798 -> server/stats\15264798_detail.json
2026-01-06 02:39:58,452 [WARNING] API Error for 15264798 (STATS), saving empty marker.
2026-01-06 02:39:58,856 [INFO] Captured DETAIL for 15264797 -> server/stats\15264797_detail.json
2026-01-06 02:39:58,858 [WARNING] API Error for 15264797 (STATS), saving empty marker.
2026-01-06 02:39:58,869 [INFO] Periodic manual fetch for LIVE_LIST (TS: 1767663598)
2026-01-06 02:40:00,263 [INFO] Captured LIVE_LIST -> server/sofascore_live.json
2026-01-06 02:40:08,273 [INFO] Processing queue: 1 matches
2026-01-06 02:40:08,273 [INFO] Targeted fetch for Match ID: 15013841
2026-01-06 02:40:12,150 [INFO] Captured DETAIL for 15013841 -> server/stats\15013841_detail.json
2026-01-06 02:40:12,778 [INFO] Captured STATS for 15013841 -> server/stats\15013841_stats.json
2026-01-06 02:40:12,779 [INFO] Processing queue: 1 matches
2026-01-06 02:40:12,779 [INFO] Targeted fetch for Match ID: 15013841
2026-01-06 02:40:17,521 [INFO] Captured DETAIL for 15013841 -> server/stats\15013841_detail.json
2026-01-06 02:40:18,175 [INFO] Captured STATS for 15013841 -> server/stats\15013841_stats.json
2026-01-06 02:40:18,176 [INFO] Periodic manual fetch for LIVE_LIST (TS: 1767663618)
2026-01-06 02:40:19,663 [INFO] Captured LIVE_LIST -> server/sofascore_live.json
2026-01-06 02:40:25,670 [INFO] [AUTO-STATS] Processing batch 1/1 (4 matches)
2026-01-06 02:40:35,682 [INFO] Periodic manual fetch for LIVE_LIST (TS: 1767663635)
2026-01-06 02:40:37,156 [INFO] Captured LIVE_LIST -> server/sofascore_live.json
2026-01-06 02:40:53,174 [INFO] Periodic manual fetch for LIVE_LIST (TS: 1767663653)
2026-01-06 02:40:54,585 [INFO] Captured LIVE_LIST -> server/sofascore_live.json
2026-01-06 02:40:56,588 [INFO] [AUTO-STATS] Processing batch 1/1 (4 matches)
2026-01-06 02:41:10,605 [INFO] Periodic manual fetch for LIVE_LIST (TS: 1767663670)
2026-01-06 02:41:12,187 [INFO] Captured LIVE_LIST -> server/sofascore_live.json
2026-01-06 02:41:28,210 [INFO] Periodic manual fetch for LIVE_LIST (TS: 1767663688)
2026-01-06 02:41:29,856 [INFO] Captured LIVE_LIST -> server/sofascore_live.json
2026-01-06 02:41:29,856 [INFO] [AUTO-STATS] Processing batch 1/1 (4 matches)
2026-01-06 02:41:33,099 [INFO] Processing queue: 1 matches
2026-01-06 02:41:33,099 [INFO] Targeted fetch for Match ID: 15013841
2026-01-06 02:41:37,162 [INFO] Captured DETAIL for 15227523 -> server/stats\15227523_detail.json
2026-01-06 02:41:37,164 [WARNING] API Error for 15227523 (STATS), saving empty marker.
2026-01-06 02:41:37,470 [INFO] Captured DETAIL for 15303633 -> server/stats\15303633_detail.json
2026-01-06 02:41:37,796 [INFO] Captured STATS for 15303633 -> server/stats\15303633_stats.json
2026-01-06 02:41:38,320 [INFO] Captured DETAIL for 15264798 -> server/stats\15264798_detail.json
2026-01-06 02:41:38,322 [WARNING] API Error for 15264798 (STATS), saving empty marker.
2026-01-06 02:41:38,741 [INFO] Captured DETAIL for 15264797 -> server/stats\15264797_detail.json
2026-01-06 02:41:38,745 [WARNING] API Error for 15264797 (STATS), saving empty marker.
2026-01-06 02:41:39,179 [INFO] Captured DETAIL for 15013841 -> server/stats\15013841_detail.json
2026-01-06 02:41:39,713 [INFO] Captured STATS for 15013841 -> server/stats\15013841_stats.json
2026-01-06 02:41:45,720 [INFO] Periodic manual fetch for LIVE_LIST (TS: 1767663705)
2026-01-06 02:41:47,073 [INFO] Captured LIVE_LIST -> server/sofascore_live.json
2026-01-06 02:42:03,094 [INFO] Periodic manual fetch for LIVE_LIST (TS: 1767663723)
2026-01-06 02:42:04,527 [INFO] Captured LIVE_LIST -> server/sofascore_live.json
2026-01-06 02:42:04,528 [INFO] [AUTO-STATS] Processing batch 1/1 (4 matches)
2026-01-06 02:42:20,550 [INFO] Periodic manual fetch for LIVE_LIST (TS: 1767663740)
2026-01-06 02:42:22,066 [INFO] Captured LIVE_LIST -> server/sofascore_live.json
2026-01-06 02:42:36,083 [INFO] [AUTO-STATS] Processing batch 1/1 (4 matches)
2026-01-06 02:42:38,086 [INFO] Periodic manual fetch for LIVE_LIST (TS: 1767663758)
2026-01-06 02:42:39,578 [INFO] Captured LIVE_LIST -> server/sofascore_live.json
2026-01-06 02:42:55,596 [INFO] Periodic manual fetch for LIVE_LIST (TS: 1767663775)
2026-01-06 02:42:57,124 [INFO] Captured LIVE_LIST -> server/sofascore_live.json
2026-01-06 02:43:07,135 [INFO] [AUTO-STATS] Processing batch 1/1 (4 matches)
2026-01-06 02:43:12,707 [INFO] Captured DETAIL for 15227523 -> server/stats\15227523_detail.json
2026-01-06 02:43:12,719 [WARNING] API Error for 15227523 (STATS), saving empty marker.
2026-01-06 02:43:13,009 [INFO] Captured DETAIL for 15303633 -> server/stats\15303633_detail.json
2026-01-06 02:43:13,322 [INFO] Captured STATS for 15303633 -> server/stats\15303633_stats.json
2026-01-06 02:43:13,636 [INFO] Captured DETAIL for 15264798 -> server/stats\15264798_detail.json
2026-01-06 02:43:13,638 [WARNING] API Error for 15264798 (STATS), saving empty marker.
2026-01-06 02:43:13,942 [INFO] Captured DETAIL for 15264797 -> server/stats\15264797_detail.json
2026-01-06 02:43:13,945 [WARNING] API Error for 15264797 (STATS), saving empty marker.
2026-01-06 02:43:13,953 [INFO] Periodic manual fetch for LIVE_LIST (TS: 1767663793)
2026-01-06 02:43:15,464 [INFO] Captured LIVE_LIST -> server/sofascore_live.json
2026-01-06 02:43:27,477 [INFO] Processing queue: 1 matches
2026-01-06 02:43:27,477 [INFO] Targeted fetch for Match ID: 15013841
2026-01-06 02:43:31,371 [INFO] Captured DETAIL for 15013841 -> server/stats\15013841_detail.json
2026-01-06 02:43:32,021 [INFO] Captured STATS for 15013841 -> server/stats\15013841_stats.json
2026-01-06 02:43:32,021 [INFO] Periodic manual fetch for LIVE_LIST (TS: 1767663812)
2026-01-06 02:43:33,496 [INFO] Captured LIVE_LIST -> server/sofascore_live.json
2026-01-06 02:43:33,497 [INFO] Processing queue: 1 matches
2026-01-06 02:43:33,497 [INFO] Targeted fetch for Match ID: 15013841
2026-01-06 02:43:37,514 [INFO] Captured DETAIL for 15013841 -> server/stats\15013841_detail.json
2026-01-06 02:43:38,167 [INFO] Captured STATS for 15013841 -> server/stats\15013841_stats.json
2026-01-06 02:43:42,174 [INFO] [AUTO-STATS] Processing batch 1/1 (4 matches)
2026-01-06 02:43:50,182 [INFO] Periodic manual fetch for LIVE_LIST (TS: 1767663830)
2026-01-06 02:43:51,638 [INFO] Captured LIVE_LIST -> server/sofascore_live.json
2026-01-06 02:44:07,655 [INFO] Periodic manual fetch for LIVE_LIST (TS: 1767663847)
2026-01-06 02:44:09,170 [INFO] Captured LIVE_LIST -> server/sofascore_live.json
2026-01-06 02:44:13,179 [INFO] [AUTO-STATS] Processing batch 1/1 (4 matches)
2026-01-06 02:44:18,722 [INFO] Captured DETAIL for 15227523 -> server/stats\15227523_detail.json
2026-01-06 02:44:18,724 [WARNING] API Error for 15227523 (STATS), saving empty marker.
2026-01-06 02:44:19,043 [INFO] Captured DETAIL for 15303633 -> server/stats\15303633_detail.json
2026-01-06 02:44:19,362 [INFO] Captured STATS for 15303633 -> server/stats\15303633_stats.json
2026-01-06 02:44:19,686 [INFO] Captured DETAIL for 15264798 -> server/stats\15264798_detail.json
2026-01-06 02:44:19,688 [WARNING] API Error for 15264798 (STATS), saving empty marker.
2026-01-06 02:44:20,089 [INFO] Captured DETAIL for 15264797 -> server/stats\15264797_detail.json
2026-01-06 02:44:20,091 [WARNING] API Error for 15264797 (STATS), saving empty marker.
2026-01-06 02:44:26,111 [INFO] Periodic manual fetch for LIVE_LIST (TS: 1767663866)
2026-01-06 02:44:27,445 [INFO] Captured LIVE_LIST -> server/sofascore_live.json
2026-01-06 02:44:43,462 [INFO] Periodic manual fetch for LIVE_LIST (TS: 1767663883)
2026-01-06 02:44:44,928 [INFO] Captured LIVE_LIST -> server/sofascore_live.json
2026-01-06 02:44:46,930 [INFO] [AUTO-STATS] Processing batch 1/1 (4 matches)
2026-01-06 02:45:00,952 [INFO] Periodic manual fetch for LIVE_LIST (TS: 1767663900)
2026-01-06 02:45:02,470 [INFO] Captured LIVE_LIST -> server/sofascore_live.json
2026-01-06 02:45:18,495 [INFO] Periodic manual fetch for LIVE_LIST (TS: 1767663918)
2026-01-06 02:45:19,994 [INFO] Captured LIVE_LIST -> server/sofascore_live.json
2026-01-06 02:45:19,995 [INFO] [AUTO-STATS] Processing batch 1/1 (4 matches)
2026-01-06 02:45:25,616 [INFO] Captured DETAIL for 15227523 -> server/stats\15227523_detail.json
2026-01-06 02:45:25,618 [WARNING] API Error for 15227523 (STATS), saving empty marker.
2026-01-06 02:45:25,931 [INFO] Captured DETAIL for 15303633 -> server/stats\15303633_detail.json
2026-01-06 02:45:26,243 [INFO] Captured STATS for 15303633 -> server/stats\15303633_stats.json
2026-01-06 02:45:26,575 [INFO] Captured DETAIL for 15264798 -> server/stats\15264798_detail.json
2026-01-06 02:45:26,578 [WARNING] API Error for 15264798 (STATS), saving empty marker.
2026-01-06 02:45:26,989 [INFO] Captured DETAIL for 15264797 -> server/stats\15264797_detail.json
2026-01-06 02:45:26,991 [WARNING] API Error for 15264797 (STATS), saving empty marker.
2026-01-06 02:45:27,005 [INFO] Processing queue: 1 matches
2026-01-06 02:45:27,005 [INFO] Targeted fetch for Match ID: 15013841
2026-01-06 02:45:30,906 [INFO] Captured DETAIL for 15013841 -> server/stats\15013841_detail.json
2026-01-06 02:45:31,445 [INFO] Captured STATS for 15013841 -> server/stats\15013841_stats.json
2026-01-06 02:45:31,446 [INFO] Processing queue: 1 matches
2026-01-06 02:45:31,446 [INFO] Targeted fetch for Match ID: 15013841
2026-01-06 02:45:35,266 [INFO] Captured DETAIL for 15013841 -> server/stats\15013841_detail.json
2026-01-06 02:45:35,786 [INFO] Captured STATS for 15013841 -> server/stats\15013841_stats.json
2026-01-06 02:45:35,787 [INFO] Periodic manual fetch for LIVE_LIST (TS: 1767663935)
2026-01-06 02:45:37,297 [INFO] Captured LIVE_LIST -> server/sofascore_live.json
2026-01-06 02:45:53,320 [INFO] Periodic manual fetch for LIVE_LIST (TS: 1767663953)
2026-01-06 02:45:54,841 [INFO] Captured LIVE_LIST -> server/sofascore_live.json
2026-01-06 02:45:54,842 [INFO] [AUTO-STATS] Processing batch 1/1 (4 matches)
2026-01-06 02:46:10,859 [INFO] Periodic manual fetch for LIVE_LIST (TS: 1767663970)
2026-01-06 02:46:12,438 [INFO] Captured LIVE_LIST -> server/sofascore_live.json
2026-01-06 02:46:22,454 [INFO] Safety net: Refreshing page...
2026-01-06 02:46:34,299 [INFO] [AUTO-STATS] Processing batch 1/1 (4 matches)
2026-01-06 02:46:39,911 [INFO] Captured DETAIL for 13981608 -> server/stats\13981608_detail.json
2026-01-06 02:46:40,243 [INFO] Captured DETAIL for 14025049 -> server/stats\14025049_detail.json
2026-01-06 02:46:40,561 [INFO] Captured DETAIL for 14025061 -> server/stats\14025061_detail.json
2026-01-06 02:46:40,890 [INFO] Captured DETAIL for 14025037 -> server/stats\14025037_detail.json
2026-01-06 02:46:41,308 [INFO] Captured DETAIL for 14025019 -> server/stats\14025019_detail.json
2026-01-06 02:46:41,713 [INFO] Captured DETAIL for 15227523 -> server/stats\15227523_detail.json
2026-01-06 02:46:41,715 [WARNING] API Error for 15227523 (STATS), saving empty marker.
2026-01-06 02:46:42,122 [INFO] Captured DETAIL for 15303633 -> server/stats\15303633_detail.json
2026-01-06 02:46:42,464 [INFO] Captured STATS for 15303633 -> server/stats\15303633_stats.json
2026-01-06 02:46:42,896 [INFO] Captured DETAIL for 15264798 -> server/stats\15264798_detail.json
2026-01-06 02:46:42,964 [WARNING] API Error for 15264798 (STATS), saving empty marker.
2026-01-06 02:46:43,326 [INFO] Captured DETAIL for 15264797 -> server/stats\15264797_detail.json
2026-01-06 02:46:43,327 [WARNING] API Error for 15264797 (STATS), saving empty marker.
2026-01-06 02:46:43,339 [INFO] Periodic manual fetch for LIVE_LIST (TS: 1767664003)
2026-01-06 02:46:44,684 [INFO] Captured LIVE_LIST -> server/sofascore_live.json
2026-01-06 02:47:00,704 [INFO] Periodic manual fetch for LIVE_LIST (TS: 1767664020)
2026-01-06 02:47:02,194 [INFO] Captured LIVE_LIST -> server/sofascore_live.json
2026-01-06 02:47:08,201 [INFO] [AUTO-STATS] Processing batch 1/1 (4 matches)
2026-01-06 02:47:18,212 [INFO] Periodic manual fetch for LIVE_LIST (TS: 1767664038)
2026-01-06 02:47:19,806 [INFO] Captured LIVE_LIST -> server/sofascore_live.json
2026-01-06 02:47:27,820 [INFO] Processing queue: 1 matches
2026-01-06 02:47:27,820 [INFO] Targeted fetch for Match ID: 15013841
2026-01-06 02:47:31,644 [INFO] Captured DETAIL for 15013841 -> server/stats\15013841_detail.json
2026-01-06 02:47:32,180 [INFO] Captured STATS for 15013841 -> server/stats\15013841_stats.json
2026-01-06 02:47:32,181 [INFO] Processing queue: 1 matches
2026-01-06 02:47:32,181 [INFO] Targeted fetch for Match ID: 15013841
2026-01-06 02:47:36,049 [INFO] Captured DETAIL for 15013841 -> server/stats\15013841_detail.json
2026-01-06 02:47:36,610 [INFO] Captured STATS for 15013841 -> server/stats\15013841_stats.json
2026-01-06 02:47:36,610 [INFO] Periodic manual fetch for LIVE_LIST (TS: 1767664056)
2026-01-06 02:47:38,080 [INFO] Captured LIVE_LIST -> server/sofascore_live.json
2026-01-06 02:47:40,082 [INFO] [AUTO-STATS] Processing batch 1/1 (4 matches)
2026-01-06 02:47:54,098 [INFO] Periodic manual fetch for LIVE_LIST (TS: 1767664074)
2026-01-06 02:47:55,506 [INFO] Captured LIVE_LIST -> server/sofascore_live.json
2026-01-06 02:48:11,528 [INFO] Periodic manual fetch for LIVE_LIST (TS: 1767664091)
2026-01-06 02:48:12,989 [INFO] Captured LIVE_LIST -> server/sofascore_live.json
2026-01-06 02:48:12,989 [INFO] [AUTO-STATS] Processing batch 1/1 (4 matches)
2026-01-06 02:48:18,634 [INFO] Captured DETAIL for 15227523 -> server/stats\15227523_detail.json
2026-01-06 02:48:18,636 [WARNING] API Error for 15227523 (STATS), saving empty marker.
2026-01-06 02:48:18,954 [INFO] Captured DETAIL for 15303633 -> server/stats\15303633_detail.json
2026-01-06 02:48:19,283 [INFO] Captured STATS for 15303633 -> server/stats\15303633_stats.json
2026-01-06 02:48:19,716 [INFO] Captured DETAIL for 15264798 -> server/stats\15264798_detail.json
2026-01-06 02:48:19,718 [WARNING] API Error for 15264798 (STATS), saving empty marker.
2026-01-06 02:48:20,005 [INFO] Captured DETAIL for 15264797 -> server/stats\15264797_detail.json
2026-01-06 02:48:20,007 [WARNING] API Error for 15264797 (STATS), saving empty marker.
2026-01-06 02:48:28,031 [INFO] Periodic manual fetch for LIVE_LIST (TS: 1767664108)
2026-01-06 02:48:29,487 [INFO] Captured LIVE_LIST -> server/sofascore_live.json
2026-01-06 02:48:45,508 [INFO] Periodic manual fetch for LIVE_LIST (TS: 1767664125)
2026-01-06 02:48:46,981 [INFO] Captured LIVE_LIST -> server/sofascore_live.json
2026-01-06 02:48:46,981 [INFO] [AUTO-STATS] Processing batch 1/1 (4 matches)
2026-01-06 02:49:03,000 [INFO] Periodic manual fetch for LIVE_LIST (TS: 1767664143)
2026-01-06 02:49:04,472 [INFO] Captured LIVE_LIST -> server/sofascore_live.json
2026-01-06 02:49:18,492 [INFO] [AUTO-STATS] Processing batch 1/1 (4 matches)
2026-01-06 02:49:20,494 [INFO] Periodic manual fetch for LIVE_LIST (TS: 1767664160)
2026-01-06 02:49:22,325 [INFO] Captured LIVE_LIST -> server/sofascore_live.json
2026-01-06 02:49:28,340 [INFO] Processing queue: 1 matches
2026-01-06 02:49:28,340 [INFO] Targeted fetch for Match ID: 15013841
2026-01-06 02:49:32,202 [INFO] Captured DETAIL for 15013841 -> server/stats\15013841_detail.json
2026-01-06 02:49:32,730 [INFO] Captured STATS for 15013841 -> server/stats\15013841_stats.json
2026-01-06 02:49:32,730 [INFO] Processing queue: 1 matches
2026-01-06 02:49:32,731 [INFO] Targeted fetch for Match ID: 15013841
2026-01-06 02:49:36,666 [INFO] Captured DETAIL for 15013841 -> server/stats\15013841_detail.json
2026-01-06 02:49:37,315 [INFO] Captured STATS for 15013841 -> server/stats\15013841_stats.json
2026-01-06 02:49:39,317 [INFO] Periodic manual fetch for LIVE_LIST (TS: 1767664179)
2026-01-06 02:49:41,044 [INFO] Captured LIVE_LIST -> server/sofascore_live.json
2026-01-06 02:49:49,053 [INFO] [AUTO-STATS] Processing batch 1/1 (4 matches)
2026-01-06 02:49:54,729 [INFO] Captured DETAIL for 15227523 -> server/stats\15227523_detail.json
2026-01-06 02:49:54,732 [WARNING] API Error for 15227523 (STATS), saving empty marker.
2026-01-06 02:49:55,149 [INFO] Captured DETAIL for 15303633 -> server/stats\15303633_detail.json
2026-01-06 02:49:55,448 [INFO] Captured STATS for 15303633 -> server/stats\15303633_stats.json
2026-01-06 02:49:55,864 [INFO] Captured DETAIL for 15264798 -> server/stats\15264798_detail.json
2026-01-06 02:49:55,866 [WARNING] API Error for 15264798 (STATS), saving empty marker.
2026-01-06 02:49:56,528 [INFO] Captured DETAIL for 15264797 -> server/stats\15264797_detail.json
2026-01-06 02:49:56,530 [WARNING] API Error for 15264797 (STATS), saving empty marker.
2026-01-06 02:49:56,578 [INFO] Periodic manual fetch for LIVE_LIST (TS: 1767664196)
2026-01-06 02:49:58,015 [INFO] Captured LIVE_LIST -> server/sofascore_live.json
2026-01-06 02:50:14,040 [INFO] Periodic manual fetch for LIVE_LIST (TS: 1767664214)
2026-01-06 02:50:15,660 [INFO] Captured LIVE_LIST -> server/sofascore_live.json
2026-01-06 02:50:23,673 [INFO] [AUTO-STATS] Processing batch 1/1 (4 matches)
2026-01-06 02:50:31,689 [INFO] Periodic manual fetch for LIVE_LIST (TS: 1767664231)
2026-01-06 02:50:33,494 [INFO] Captured LIVE_LIST -> server/sofascore_live.json
2026-01-06 02:50:49,517 [INFO] Periodic manual fetch for LIVE_LIST (TS: 1767664249)
2026-01-06 02:50:50,863 [INFO] Captured LIVE_LIST -> server/sofascore_live.json
2026-01-06 02:50:54,869 [INFO] [AUTO-STATS] Processing batch 1/1 (4 matches)
2026-01-06 02:51:00,500 [INFO] Captured DETAIL for 15227523 -> server/stats\15227523_detail.json
2026-01-06 02:51:00,503 [WARNING] API Error for 15227523 (STATS), saving empty marker.
2026-01-06 02:51:01,028 [INFO] Captured DETAIL for 15303633 -> server/stats\15303633_detail.json
2026-01-06 02:51:01,471 [INFO] Captured STATS for 15303633 -> server/stats\15303633_stats.json
2026-01-06 02:51:01,909 [INFO] Captured DETAIL for 15264798 -> server/stats\15264798_detail.json
2026-01-06 02:51:01,911 [WARNING] API Error for 15264798 (STATS), saving empty marker.
2026-01-06 02:51:02,311 [INFO] Captured DETAIL for 15264797 -> server/stats\15264797_detail.json
2026-01-06 02:51:02,313 [WARNING] API Error for 15264797 (STATS), saving empty marker.
2026-01-06 02:51:06,346 [INFO] Periodic manual fetch for LIVE_LIST (TS: 1767664266)
2026-01-06 02:51:07,947 [INFO] Captured LIVE_LIST -> server/sofascore_live.json
2026-01-06 02:51:23,969 [INFO] Periodic manual fetch for LIVE_LIST (TS: 1767664283)
2026-01-06 02:51:25,377 [INFO] Captured LIVE_LIST -> server/sofascore_live.json
2026-01-06 02:51:29,383 [INFO] [AUTO-STATS] Processing batch 1/1 (4 matches)
2026-01-06 02:51:31,387 [INFO] Processing queue: 1 matches
2026-01-06 02:51:31,387 [INFO] Targeted fetch for Match ID: 15013841
2026-01-06 02:51:35,435 [INFO] Captured DETAIL for 15013841 -> server/stats\15013841_detail.json
2026-01-06 02:51:35,975 [INFO] Captured STATS for 15013841 -> server/stats\15013841_stats.json
2026-01-06 02:51:41,982 [INFO] Periodic manual fetch for LIVE_LIST (TS: 1767664301)
2026-01-06 02:51:43,435 [INFO] Captured LIVE_LIST -> server/sofascore_live.json
2026-01-06 02:51:59,463 [INFO] Periodic manual fetch for LIVE_LIST (TS: 1767664319)
2026-01-06 02:52:00,984 [INFO] Captured LIVE_LIST -> server/sofascore_live.json
2026-01-06 02:52:00,985 [INFO] [AUTO-STATS] Processing batch 1/1 (4 matches)
2026-01-06 02:52:06,692 [INFO] Captured DETAIL for 15227523 -> server/stats\15227523_detail.json
2026-01-06 02:52:06,695 [WARNING] API Error for 15227523 (STATS), saving empty marker.
2026-01-06 02:52:07,233 [INFO] Captured DETAIL for 15303633 -> server/stats\15303633_detail.json
2026-01-06 02:52:07,651 [INFO] Captured STATS for 15303633 -> server/stats\15303633_stats.json
2026-01-06 02:52:07,962 [INFO] Captured DETAIL for 15264798 -> server/stats\15264798_detail.json
2026-01-06 02:52:07,965 [WARNING] API Error for 15264798 (STATS), saving empty marker.
2026-01-06 02:52:08,265 [INFO] Captured DETAIL for 15264797 -> server/stats\15264797_detail.json
2026-01-06 02:52:08,269 [WARNING] API Error for 15264797 (STATS), saving empty marker.
2026-01-06 02:52:16,285 [INFO] Periodic manual fetch for LIVE_LIST (TS: 1767664336)
2026-01-06 02:52:17,889 [INFO] Captured LIVE_LIST -> server/sofascore_live.json
2026-01-06 02:52:33,915 [INFO] Periodic manual fetch for LIVE_LIST (TS: 1767664353)
2026-01-06 02:52:35,367 [INFO] Captured LIVE_LIST -> server/sofascore_live.json
2026-01-06 02:52:35,368 [INFO] [AUTO-STATS] Processing batch 1/1 (4 matches)
2026-01-06 02:52:51,393 [INFO] Periodic manual fetch for LIVE_LIST (TS: 1767664371)
2026-01-06 02:52:52,954 [INFO] Captured LIVE_LIST -> server/sofascore_live.json
2026-01-06 02:53:06,971 [INFO] [AUTO-STATS] Processing batch 1/1 (4 matches)
2026-01-06 02:53:12,569 [INFO] Captured DETAIL for 15227523 -> server/stats\15227523_detail.json
2026-01-06 02:53:12,572 [WARNING] API Error for 15227523 (STATS), saving empty marker.
2026-01-06 02:53:12,883 [INFO] Captured DETAIL for 15303633 -> server/stats\15303633_detail.json
2026-01-06 02:53:13,191 [INFO] Captured STATS for 15303633 -> server/stats\15303633_stats.json
2026-01-06 02:53:13,507 [INFO] Captured DETAIL for 15264798 -> server/stats\15264798_detail.json
2026-01-06 02:53:13,510 [WARNING] API Error for 15264798 (STATS), saving empty marker.
2026-01-06 02:53:14,070 [INFO] Captured DETAIL for 15264797 -> server/stats\15264797_detail.json
2026-01-06 02:53:14,073 [WARNING] API Error for 15264797 (STATS), saving empty marker.
2026-01-06 02:53:14,091 [INFO] Periodic manual fetch for LIVE_LIST (TS: 1767664394)
2026-01-06 02:53:15,561 [INFO] Captured LIVE_LIST -> server/sofascore_live.json
2026-01-06 02:53:31,587 [INFO] Periodic manual fetch for LIVE_LIST (TS: 1767664411)
2026-01-06 02:53:32,953 [INFO] Captured LIVE_LIST -> server/sofascore_live.json
2026-01-06 02:53:32,954 [INFO] Processing queue: 1 matches
2026-01-06 02:53:32,954 [INFO] Targeted fetch for Match ID: 15013841
2026-01-06 02:53:36,824 [INFO] Captured DETAIL for 15013841 -> server/stats\15013841_detail.json
2026-01-06 02:53:37,551 [INFO] Captured STATS for 15013841 -> server/stats\15013841_stats.json
2026-01-06 02:53:41,558 [INFO] [AUTO-STATS] Processing batch 1/1 (3 matches)
2026-01-06 02:53:49,568 [INFO] Periodic manual fetch for LIVE_LIST (TS: 1767664429)
2026-01-06 02:53:50,918 [INFO] Captured LIVE_LIST -> server/sofascore_live.json
2026-01-06 02:54:06,937 [INFO] Periodic manual fetch for LIVE_LIST (TS: 1767664446)
2026-01-06 02:54:08,294 [INFO] Captured LIVE_LIST -> server/sofascore_live.json
2026-01-06 02:54:12,301 [INFO] [AUTO-STATS] Processing batch 1/1 (3 matches)
2026-01-06 02:54:24,315 [INFO] Periodic manual fetch for LIVE_LIST (TS: 1767664464)
2026-01-06 02:54:25,683 [INFO] Captured LIVE_LIST -> server/sofascore_live.json
2026-01-06 02:54:41,706 [INFO] Periodic manual fetch for LIVE_LIST (TS: 1767664481)
2026-01-06 02:54:43,083 [INFO] Captured LIVE_LIST -> server/sofascore_live.json
2026-01-06 02:54:43,083 [INFO] [AUTO-STATS] Processing batch 1/1 (3 matches)
2026-01-06 02:54:47,934 [INFO] Captured DETAIL for 15227523 -> server/stats\15227523_detail.json
2026-01-06 02:54:47,937 [WARNING] API Error for 15227523 (STATS), saving empty marker.
2026-01-06 02:54:48,364 [INFO] Captured DETAIL for 15303633 -> server/stats\15303633_detail.json
2026-01-06 02:54:48,800 [INFO] Captured STATS for 15303633 -> server/stats\15303633_stats.json
2026-01-06 02:54:49,230 [INFO] Captured DETAIL for 15264798 -> server/stats\15264798_detail.json
2026-01-06 02:54:49,233 [WARNING] API Error for 15264798 (STATS), saving empty marker.
2026-01-06 02:54:59,257 [INFO] Periodic manual fetch for LIVE_LIST (TS: 1767664499)
2026-01-06 02:55:00,619 [INFO] Captured LIVE_LIST -> server/sofascore_live.json
2026-01-06 02:55:16,639 [INFO] Periodic manual fetch for LIVE_LIST (TS: 1767664516)
2026-01-06 02:55:18,350 [INFO] Captured LIVE_LIST -> server/sofascore_live.json
2026-01-06 02:55:18,350 [INFO] [AUTO-STATS] Processing batch 1/1 (3 matches)
2026-01-06 02:55:26,366 [INFO] Processing queue: 1 matches
2026-01-06 02:55:26,366 [INFO] Targeted fetch for Match ID: 15013841
2026-01-06 02:55:30,361 [INFO] Captured DETAIL for 15013841 -> server/stats\15013841_detail.json
2026-01-06 02:55:31,003 [INFO] Captured STATS for 15013841 -> server/stats\15013841_stats.json
2026-01-06 02:55:35,007 [INFO] Periodic manual fetch for LIVE_LIST (TS: 1767664535)
2026-01-06 02:55:36,320 [INFO] Captured LIVE_LIST -> server/sofascore_live.json
2026-01-06 02:55:50,341 [INFO] [AUTO-STATS] Processing batch 1/1 (3 matches)
2026-01-06 02:55:55,198 [INFO] Captured DETAIL for 15227523 -> server/stats\15227523_detail.json
2026-01-06 02:55:55,200 [WARNING] API Error for 15227523 (STATS), saving empty marker.
2026-01-06 02:55:55,628 [INFO] Captured DETAIL for 15303633 -> server/stats\15303633_detail.json
2026-01-06 02:55:56,083 [INFO] Captured STATS for 15303633 -> server/stats\15303633_stats.json
2026-01-06 02:55:56,509 [INFO] Captured DETAIL for 15264798 -> server/stats\15264798_detail.json
2026-01-06 02:55:56,511 [WARNING] API Error for 15264798 (STATS), saving empty marker.
2026-01-06 02:55:56,528 [INFO] Periodic manual fetch for LIVE_LIST (TS: 1767664556)
2026-01-06 02:55:57,855 [INFO] Captured LIVE_LIST -> server/sofascore_live.json
2026-01-06 02:56:13,875 [INFO] Periodic manual fetch for LIVE_LIST (TS: 1767664573)
2026-01-06 02:56:15,269 [INFO] Captured LIVE_LIST -> server/sofascore_live.json
2026-01-06 02:56:23,277 [INFO] [AUTO-STATS] Processing batch 1/1 (3 matches)
2026-01-06 02:56:31,293 [INFO] Periodic manual fetch for LIVE_LIST (TS: 1767664591)
2026-01-06 02:56:32,569 [INFO] Captured LIVE_LIST -> server/sofascore_live.json
2026-01-06 02:56:32,570 [INFO] Processing queue: 1 matches
2026-01-06 02:56:32,571 [INFO] Targeted fetch for Match ID: 15013841
2026-01-06 02:56:36,549 [INFO] Captured DETAIL for 15013841 -> server/stats\15013841_detail.json
2026-01-06 02:56:37,168 [INFO] Captured STATS for 15013841 -> server/stats\15013841_stats.json
2026-01-06 02:56:37,168 [INFO] Safety net: Refreshing page...
2026-01-06 02:56:51,483 [INFO] Captured DETAIL for 14025019 -> server/stats\14025019_detail.json
2026-01-06 02:56:51,810 [INFO] Captured DETAIL for 14025049 -> server/stats\14025049_detail.json
2026-01-06 02:56:52,227 [INFO] Captured DETAIL for 13981608 -> server/stats\13981608_detail.json
2026-01-06 02:56:52,644 [INFO] Captured DETAIL for 14025061 -> server/stats\14025061_detail.json
2026-01-06 02:56:53,531 [INFO] Captured DETAIL for 14025037 -> server/stats\14025037_detail.json
2026-01-06 02:56:53,533 [INFO] Periodic manual fetch for LIVE_LIST (TS: 1767664613)
2026-01-06 02:56:54,801 [INFO] Captured LIVE_LIST -> server/sofascore_live.json
2026-01-06 02:56:54,801 [INFO] [AUTO-STATS] Processing batch 1/1 (3 matches)
2026-01-06 02:57:10,822 [INFO] Periodic manual fetch for LIVE_LIST (TS: 1767664630)
2026-01-06 02:57:12,186 [INFO] Captured LIVE_LIST -> server/sofascore_live.json
2026-01-06 02:57:26,210 [INFO] [AUTO-STATS] Processing batch 1/1 (3 matches)
2026-01-06 02:57:30,940 [INFO] Captured DETAIL for 15227523 -> server/stats\15227523_detail.json
2026-01-06 02:57:30,942 [WARNING] API Error for 15227523 (STATS), saving empty marker.
2026-01-06 02:57:31,371 [INFO] Captured DETAIL for 15303633 -> server/stats\15303633_detail.json
2026-01-06 02:57:31,702 [INFO] Captured STATS for 15303633 -> server/stats\15303633_stats.json
2026-01-06 02:57:32,125 [INFO] Captured DETAIL for 15264798 -> server/stats\15264798_detail.json
2026-01-06 02:57:32,128 [WARNING] API Error for 15264798 (STATS), saving empty marker.
2026-01-06 02:57:32,138 [INFO] Periodic manual fetch for LIVE_LIST (TS: 1767664652)
2026-01-06 02:57:33,521 [INFO] Captured LIVE_LIST -> server/sofascore_live.json
2026-01-06 02:57:49,545 [INFO] Periodic manual fetch for LIVE_LIST (TS: 1767664669)
2026-01-06 02:57:51,053 [INFO] Captured LIVE_LIST -> server/sofascore_live.json
2026-01-06 02:57:59,062 [INFO] [AUTO-STATS] Processing batch 1/1 (3 matches)
2026-01-06 02:58:07,072 [INFO] Periodic manual fetch for LIVE_LIST (TS: 1767664687)
2026-01-06 02:58:08,429 [INFO] Captured LIVE_LIST -> server/sofascore_live.json
2026-01-06 02:58:24,450 [INFO] Periodic manual fetch for LIVE_LIST (TS: 1767664704)
2026-01-06 02:58:25,722 [INFO] Captured LIVE_LIST -> server/sofascore_live.json
2026-01-06 02:58:29,728 [INFO] [AUTO-STATS] Processing batch 1/1 (3 matches)
2026-01-06 02:58:31,730 [INFO] Processing queue: 1 matches
2026-01-06 02:58:31,730 [INFO] Targeted fetch for Match ID: 15013841
2026-01-06 02:58:35,605 [INFO] Captured DETAIL for 15013841 -> server/stats\15013841_detail.json
2026-01-06 02:58:36,153 [INFO] Captured STATS for 15013841 -> server/stats\15013841_stats.json
2026-01-06 02:58:42,167 [INFO] Periodic manual fetch for LIVE_LIST (TS: 1767664722)
2026-01-06 02:58:43,539 [INFO] Captured LIVE_LIST -> server/sofascore_live.json
2026-01-06 02:58:59,567 [INFO] Periodic manual fetch for LIVE_LIST (TS: 1767664739)
2026-01-06 02:59:00,876 [INFO] Captured LIVE_LIST -> server/sofascore_live.json
2026-01-06 02:59:00,876 [INFO] [AUTO-STATS] Processing batch 1/1 (3 matches)
2026-01-06 02:59:05,653 [INFO] Captured DETAIL for 15227523 -> server/stats\15227523_detail.json
2026-01-06 02:59:05,655 [WARNING] API Error for 15227523 (STATS), saving empty marker.
2026-01-06 02:59:06,069 [INFO] Captured DETAIL for 15303633 -> server/stats\15303633_detail.json
2026-01-06 02:59:06,497 [INFO] Captured STATS for 15303633 -> server/stats\15303633_stats.json
2026-01-06 02:59:06,815 [INFO] Captured DETAIL for 15264798 -> server/stats\15264798_detail.json
2026-01-06 02:59:06,819 [WARNING] API Error for 15264798 (STATS), saving empty marker.
2026-01-06 02:59:16,838 [INFO] Periodic manual fetch for LIVE_LIST (TS: 1767664756)
2026-01-06 02:59:18,113 [INFO] Captured LIVE_LIST -> server/sofascore_live.json
2026-01-06 02:59:34,133 [INFO] Periodic manual fetch for LIVE_LIST (TS: 1767664774)
2026-01-06 02:59:35,431 [INFO] Captured LIVE_LIST -> server/sofascore_live.json
2026-01-06 02:59:35,432 [INFO] [AUTO-STATS] Processing batch 1/1 (3 matches)
2026-01-06 02:59:51,457 [INFO] Periodic manual fetch for LIVE_LIST (TS: 1767664791)
2026-01-06 02:59:52,771 [INFO] Captured LIVE_LIST -> server/sofascore_live.json
2026-01-06 03:00:06,788 [INFO] [AUTO-STATS] Processing batch 1/1 (3 matches)
2026-01-06 03:00:11,583 [INFO] Captured DETAIL for 15227523 -> server/stats\15227523_detail.json
2026-01-06 03:00:11,585 [WARNING] API Error for 15227523 (STATS), saving empty marker.
2026-01-06 03:00:11,898 [INFO] Captured DETAIL for 15303633 -> server/stats\15303633_detail.json
2026-01-06 03:00:12,216 [INFO] Captured STATS for 15303633 -> server/stats\15303633_stats.json
2026-01-06 03:00:12,521 [INFO] Captured DETAIL for 15264798 -> server/stats\15264798_detail.json
2026-01-06 03:00:12,844 [INFO] Captured STATS for 15264798 -> server/stats\15264798_stats.json
2026-01-06 03:00:12,845 [INFO] Periodic manual fetch for LIVE_LIST (TS: 1767664812)
2026-01-06 03:00:14,231 [INFO] Captured LIVE_LIST -> server/sofascore_live.json
2026-01-06 03:00:30,254 [INFO] Periodic manual fetch for LIVE_LIST (TS: 1767664830)
2026-01-06 03:00:31,867 [INFO] Captured LIVE_LIST -> server/sofascore_live.json
2026-01-06 03:00:31,867 [INFO] Processing queue: 1 matches
2026-01-06 03:00:31,868 [INFO] Targeted fetch for Match ID: 15013841
2026-01-06 03:00:35,822 [INFO] Captured DETAIL for 15013841 -> server/stats\15013841_detail.json
2026-01-06 03:00:36,365 [INFO] Captured STATS for 15013841 -> server/stats\15013841_stats.json
2026-01-06 03:00:40,430 [INFO] [AUTO-STATS] Processing batch 1/1 (2 matches)
2026-01-06 03:00:48,440 [INFO] Periodic manual fetch for LIVE_LIST (TS: 1767664848)
2026-01-06 03:00:49,797 [INFO] Captured LIVE_LIST -> server/sofascore_live.json
2026-01-06 03:01:05,817 [INFO] Periodic manual fetch for LIVE_LIST (TS: 1767664865)
2026-01-06 03:01:07,200 [INFO] Captured LIVE_LIST -> server/sofascore_live.json
2026-01-06 03:01:11,205 [INFO] [AUTO-STATS] Processing batch 1/1 (2 matches)
2026-01-06 03:01:23,222 [INFO] Periodic manual fetch for LIVE_LIST (TS: 1767664883)
2026-01-06 03:01:24,621 [INFO] Captured LIVE_LIST -> server/sofascore_live.json
2026-01-06 03:01:40,652 [INFO] Periodic manual fetch for LIVE_LIST (TS: 1767664900)
2026-01-06 03:01:42,123 [INFO] Captured LIVE_LIST -> server/sofascore_live.json
2026-01-06 03:01:42,123 [INFO] [AUTO-STATS] Processing batch 1/1 (2 matches)
2026-01-06 03:01:46,148 [INFO] Captured DETAIL for 15227523 -> server/stats\15227523_detail.json
2026-01-06 03:01:46,151 [WARNING] API Error for 15227523 (STATS), saving empty marker.
2026-01-06 03:01:46,476 [INFO] Captured DETAIL for 15303633 -> server/stats\15303633_detail.json
2026-01-06 03:01:46,806 [INFO] Captured STATS for 15303633 -> server/stats\15303633_stats.json
2026-01-06 03:01:58,823 [INFO] Periodic manual fetch for LIVE_LIST (TS: 1767664918)
2026-01-06 03:02:00,304 [INFO] Captured LIVE_LIST -> server/sofascore_live.json
2026-01-06 03:02:14,323 [INFO] [AUTO-STATS] Processing batch 1/1 (2 matches)
2026-01-06 03:02:16,326 [INFO] Periodic manual fetch for LIVE_LIST (TS: 1767664936)
2026-01-06 03:02:21,649 [INFO] Captured LIVE_LIST -> server/sofascore_live.json
2026-01-06 03:02:31,671 [INFO] Processing queue: 1 matches
2026-01-06 03:02:31,671 [INFO] Targeted fetch for Match ID: 15013841
2026-01-06 03:02:35,362 [INFO] Captured DETAIL for 15013841 -> server/stats\15013841_detail.json
2026-01-06 03:02:35,576 [INFO] Captured STATS for 15013841 -> server/stats\15013841_stats.json
2026-01-06 03:02:35,576 [INFO] Periodic manual fetch for LIVE_LIST (TS: 1767664955)
2026-01-06 03:02:39,468 [INFO] Captured LIVE_LIST -> server/sofascore_live.json
2026-01-06 03:02:45,478 [INFO] [AUTO-STATS] Processing batch 1/1 (2 matches)
2026-01-06 03:02:47,757 [INFO] Captured DETAIL for 13981608 -> server/stats\13981608_detail.json
2026-01-06 03:02:48,533 [INFO] Captured DETAIL for 14025037 -> server/stats\14025037_detail.json
2026-01-06 03:02:48,862 [INFO] Captured DETAIL for 14025049 -> server/stats\14025049_detail.json
2026-01-06 03:02:49,307 [INFO] Captured DETAIL for 14025019 -> server/stats\14025019_detail.json
2026-01-06 03:02:49,717 [INFO] Captured DETAIL for 14025061 -> server/stats\14025061_detail.json
2026-01-06 03:02:53,722 [INFO] Periodic manual fetch for LIVE_LIST (TS: 1767664973)
2026-01-06 03:02:55,017 [INFO] Captured LIVE_LIST -> server/sofascore_live.json
2026-01-06 03:03:03,420 [INFO] Captured DETAIL for 13981608 -> server/stats\13981608_detail.json
2026-01-06 03:03:03,831 [INFO] Captured DETAIL for 14025061 -> server/stats\14025061_detail.json
2026-01-06 03:03:04,270 [INFO] Captured DETAIL for 14025019 -> server/stats\14025019_detail.json
2026-01-06 03:03:04,671 [INFO] Captured DETAIL for 14025037 -> server/stats\14025037_detail.json
2026-01-06 03:03:05,023 [INFO] Captured DETAIL for 14025049 -> server/stats\14025049_detail.json
2026-01-06 03:03:11,031 [INFO] Periodic manual fetch for LIVE_LIST (TS: 1767664991)
2026-01-06 03:03:12,380 [INFO] Captured LIVE_LIST -> server/sofascore_live.json
2026-01-06 03:03:16,385 [INFO] [AUTO-STATS] Processing batch 1/1 (2 matches)
2026-01-06 03:03:20,648 [INFO] Captured DETAIL for 15227523 -> server/stats\15227523_detail.json
2026-01-06 03:03:21,071 [INFO] Captured DETAIL for 14025061 -> server/stats\14025061_detail.json
2026-01-06 03:03:21,506 [INFO] Captured DETAIL for 13981608 -> server/stats\13981608_detail.json
2026-01-06 03:03:21,949 [INFO] Captured DETAIL for 14025037 -> server/stats\14025037_detail.json
2026-01-06 03:03:22,384 [INFO] Captured DETAIL for 14025019 -> server/stats\14025019_detail.json
2026-01-06 03:03:22,954 [INFO] Captured DETAIL for 14025049 -> server/stats\14025049_detail.json
2026-01-06 03:03:22,957 [WARNING] API Error for 15227523 (STATS), saving empty marker.
2026-01-06 03:03:23,380 [INFO] Captured DETAIL for 15303633 -> server/stats\15303633_detail.json
2026-01-06 03:03:24,216 [INFO] Captured STATS for 15303633 -> server/stats\15303633_stats.json
2026-01-06 03:03:28,223 [INFO] Periodic manual fetch for LIVE_LIST (TS: 1767665008)
2026-01-06 03:03:29,630 [INFO] Captured LIVE_LIST -> server/sofascore_live.json
2026-01-06 03:03:34,087 [INFO] Captured DETAIL for 14025061 -> server/stats\14025061_detail.json
2026-01-06 03:03:34,533 [INFO] Captured DETAIL for 13981608 -> server/stats\13981608_detail.json
2026-01-06 03:03:34,961 [INFO] Captured DETAIL for 14025019 -> server/stats\14025019_detail.json
2026-01-06 03:03:35,377 [INFO] Captured DETAIL for 14025037 -> server/stats\14025037_detail.json
2026-01-06 03:03:35,689 [INFO] Captured DETAIL for 14025049 -> server/stats\14025049_detail.json
2026-01-06 03:03:45,711 [INFO] Periodic manual fetch for LIVE_LIST (TS: 1767665025)
2026-01-06 03:03:47,240 [INFO] Captured LIVE_LIST -> server/sofascore_live.json
2026-01-06 03:03:49,242 [INFO] [AUTO-STATS] Processing batch 1/1 (2 matches)
2026-01-06 03:04:03,749 [INFO] Captured DETAIL for 14025019 -> server/stats\14025019_detail.json
2026-01-06 03:04:04,195 [INFO] Captured DETAIL for 14025049 -> server/stats\14025049_detail.json
2026-01-06 03:04:04,615 [INFO] Captured DETAIL for 14025037 -> server/stats\14025037_detail.json
2026-01-06 03:04:05,054 [INFO] Captured DETAIL for 13981608 -> server/stats\13981608_detail.json
2026-01-06 03:04:05,473 [INFO] Captured DETAIL for 14025061 -> server/stats\14025061_detail.json
2026-01-06 03:04:05,474 [INFO] Periodic manual fetch for LIVE_LIST (TS: 1767665045)
2026-01-06 03:04:06,740 [INFO] Captured LIVE_LIST -> server/sofascore_live.json
2026-01-06 03:04:17,346 [INFO] Captured DETAIL for 13981608 -> server/stats\13981608_detail.json
2026-01-06 03:04:17,666 [INFO] Captured DETAIL for 14025019 -> server/stats\14025019_detail.json
2026-01-06 03:04:18,080 [INFO] Captured DETAIL for 14025049 -> server/stats\14025049_detail.json
2026-01-06 03:04:18,497 [INFO] Captured DETAIL for 14025037 -> server/stats\14025037_detail.json
2026-01-06 03:04:18,904 [INFO] Captured DETAIL for 14025061 -> server/stats\14025061_detail.json
2026-01-06 03:04:20,907 [INFO] [AUTO-STATS] Processing batch 1/1 (2 matches)
2026-01-06 03:04:22,910 [INFO] Periodic manual fetch for LIVE_LIST (TS: 1767665062)
2026-01-06 03:04:24,219 [INFO] Captured LIVE_LIST -> server/sofascore_live.json
2026-01-06 03:04:32,613 [INFO] Captured DETAIL for 14025061 -> server/stats\14025061_detail.json
2026-01-06 03:04:32,928 [INFO] Captured DETAIL for 13981608 -> server/stats\13981608_detail.json
2026-01-06 03:04:33,343 [INFO] Captured DETAIL for 14025037 -> server/stats\14025037_detail.json
2026-01-06 03:04:33,666 [INFO] Captured DETAIL for 14025019 -> server/stats\14025019_detail.json
2026-01-06 03:04:34,003 [INFO] Captured DETAIL for 14025049 -> server/stats\14025049_detail.json
2026-01-06 03:04:34,004 [INFO] Processing queue: 1 matches
2026-01-06 03:04:34,004 [INFO] Targeted fetch for Match ID: 15013841
2026-01-06 03:04:37,827 [INFO] Captured DETAIL for 15013841 -> server/stats\15013841_detail.json
2026-01-06 03:04:38,347 [INFO] Captured STATS for 15013841 -> server/stats\15013841_stats.json
2026-01-06 03:04:40,354 [INFO] Periodic manual fetch for LIVE_LIST (TS: 1767665080)
2026-01-06 03:04:41,924 [INFO] Captured LIVE_LIST -> server/sofascore_live.json
2026-01-06 03:04:48,377 [INFO] Captured DETAIL for 13981608 -> server/stats\13981608_detail.json
2026-01-06 03:04:48,821 [INFO] Captured DETAIL for 14025061 -> server/stats\14025061_detail.json
2026-01-06 03:04:49,387 [INFO] Captured DETAIL for 14025049 -> server/stats\14025049_detail.json
2026-01-06 03:04:49,699 [INFO] Captured DETAIL for 14025019 -> server/stats\14025019_detail.json
2026-01-06 03:04:50,017 [INFO] Captured DETAIL for 14025037 -> server/stats\14025037_detail.json
2026-01-06 03:04:52,023 [INFO] [AUTO-STATS] Processing batch 1/1 (2 matches)
2026-01-06 03:04:56,013 [INFO] Captured DETAIL for 15227523 -> server/stats\15227523_detail.json
2026-01-06 03:04:56,015 [WARNING] API Error for 15227523 (STATS), saving empty marker.
2026-01-06 03:04:56,466 [INFO] Captured DETAIL for 15303633 -> server/stats\15303633_detail.json
2026-01-06 03:04:56,883 [INFO] Captured STATS for 15303633 -> server/stats\15303633_stats.json
2026-01-06 03:04:58,885 [INFO] Periodic manual fetch for LIVE_LIST (TS: 1767665098)
2026-01-06 03:05:00,274 [INFO] Captured LIVE_LIST -> server/sofascore_live.json
2026-01-06 03:05:02,651 [INFO] Captured DETAIL for 13981608 -> server/stats\13981608_detail.json
2026-01-06 03:05:02,969 [INFO] Captured DETAIL for 14025061 -> server/stats\14025061_detail.json
2026-01-06 03:05:03,298 [INFO] Captured DETAIL for 14025019 -> server/stats\14025019_detail.json
2026-01-06 03:05:03,628 [INFO] Captured DETAIL for 14025049 -> server/stats\14025049_detail.json
2026-01-06 03:05:03,953 [INFO] Captured DETAIL for 14025037 -> server/stats\14025037_detail.json
2026-01-06 03:05:15,969 [INFO] Periodic manual fetch for LIVE_LIST (TS: 1767665115)
2026-01-06 03:05:17,288 [INFO] Captured LIVE_LIST -> server/sofascore_live.json
2026-01-06 03:05:25,300 [INFO] [AUTO-STATS] Processing batch 1/1 (2 matches)
2026-01-06 03:05:34,219 [INFO] Captured DETAIL for 14025037 -> server/stats\14025037_detail.json
2026-01-06 03:05:35,491 [INFO] Captured DETAIL for 14025019 -> server/stats\14025019_detail.json
2026-01-06 03:05:36,016 [INFO] Captured DETAIL for 14025061 -> server/stats\14025061_detail.json
2026-01-06 03:05:36,564 [INFO] Captured DETAIL for 14025049 -> server/stats\14025049_detail.json
2026-01-06 03:05:36,997 [INFO] Captured DETAIL for 13981608 -> server/stats\13981608_detail.json
2026-01-06 03:05:36,997 [INFO] Periodic manual fetch for LIVE_LIST (TS: 1767665136)
2026-01-06 03:05:38,255 [INFO] Captured LIVE_LIST -> server/sofascore_live.json
2026-01-06 03:05:54,279 [INFO] Periodic manual fetch for LIVE_LIST (TS: 1767665154)
2026-01-06 03:05:56,991 [INFO] Captured LIVE_LIST -> server/sofascore_live.json
2026-01-06 03:05:56,991 [INFO] [AUTO-STATS] Processing batch 1/1 (2 matches)
2026-01-06 03:06:00,984 [INFO] Captured DETAIL for 15227523 -> server/stats\15227523_detail.json
2026-01-06 03:06:00,987 [WARNING] API Error for 15227523 (STATS), saving empty marker.
2026-01-06 03:06:01,428 [INFO] Captured DETAIL for 15303633 -> server/stats\15303633_detail.json
2026-01-06 03:06:01,854 [INFO] Captured STATS for 15303633 -> server/stats\15303633_stats.json
2026-01-06 03:06:13,870 [INFO] Periodic manual fetch for LIVE_LIST (TS: 1767665173)
2026-01-06 03:06:15,917 [INFO] Captured LIVE_LIST -> server/sofascore_live.json
2026-01-06 03:06:29,936 [INFO] [AUTO-STATS] Processing batch 1/1 (3 matches)
2026-01-06 03:06:30,749 [INFO] Processing queue: 1 matches
2026-01-06 03:06:30,749 [INFO] Targeted fetch for Match ID: 15013841
2026-01-06 03:06:34,679 [INFO] Captured DETAIL for 15264895 -> server/stats\15264895_detail.json
2026-01-06 03:06:34,681 [WARNING] API Error for 15264895 (STATS), saving empty marker.
2026-01-06 03:06:34,990 [INFO] Captured DETAIL for 15013841 -> server/stats\15013841_detail.json
2026-01-06 03:06:35,519 [INFO] Captured STATS for 15013841 -> server/stats\15013841_stats.json
2026-01-06 03:06:35,519 [INFO] Periodic manual fetch for LIVE_LIST (TS: 1767665195)
2026-01-06 03:06:36,946 [INFO] Captured LIVE_LIST -> server/sofascore_live.json
2026-01-06 03:06:50,969 [INFO] Safety net: Refreshing page...
2026-01-06 03:07:03,223 [INFO] [AUTO-STATS] Processing batch 1/1 (3 matches)
2026-01-06 03:07:07,143 [INFO] Captured DETAIL for 14025049 -> server/stats\14025049_detail.json
2026-01-06 03:07:07,450 [INFO] Captured DETAIL for 14025061 -> server/stats\14025061_detail.json
2026-01-06 03:07:07,762 [INFO] Captured DETAIL for 13981608 -> server/stats\13981608_detail.json
2026-01-06 03:07:08,197 [INFO] Captured DETAIL for 14025037 -> server/stats\14025037_detail.json
2026-01-06 03:07:08,732 [INFO] Captured DETAIL for 14025019 -> server/stats\14025019_detail.json
2026-01-06 03:07:09,160 [INFO] Captured DETAIL for 15227523 -> server/stats\15227523_detail.json
2026-01-06 03:07:09,165 [WARNING] API Error for 15227523 (STATS), saving empty marker.
2026-01-06 03:07:09,591 [INFO] Captured DETAIL for 15303633 -> server/stats\15303633_detail.json
2026-01-06 03:07:10,128 [INFO] Captured STATS for 15303633 -> server/stats\15303633_stats.json
2026-01-06 03:07:10,128 [INFO] Periodic manual fetch for LIVE_LIST (TS: 1767665230)
2026-01-06 03:07:11,518 [INFO] Captured LIVE_LIST -> server/sofascore_live.json
2026-01-06 03:07:27,539 [INFO] Periodic manual fetch for LIVE_LIST (TS: 1767665247)
2026-01-06 03:07:28,910 [INFO] Captured LIVE_LIST -> server/sofascore_live.json
2026-01-06 03:07:34,919 [INFO] [AUTO-STATS] Processing batch 1/1 (3 matches)
2026-01-06 03:07:38,434 [INFO] Captured DETAIL for 15264895 -> server/stats\15264895_detail.json
2026-01-06 03:07:38,436 [WARNING] API Error for 15264895 (STATS), saving empty marker.
2026-01-06 03:07:44,466 [INFO] Periodic manual fetch for LIVE_LIST (TS: 1767665264)
2026-01-06 03:07:45,801 [INFO] Captured LIVE_LIST -> server/sofascore_live.json
2026-01-06 03:08:01,823 [INFO] Periodic manual fetch for LIVE_LIST (TS: 1767665281)
2026-01-06 03:08:03,163 [INFO] Captured LIVE_LIST -> server/sofascore_live.json
2026-01-06 03:08:07,168 [INFO] [AUTO-STATS] Processing batch 1/1 (3 matches)
2026-01-06 03:08:19,187 [INFO] Periodic manual fetch for LIVE_LIST (TS: 1767665299)
2026-01-06 03:08:20,623 [INFO] Captured LIVE_LIST -> server/sofascore_live.json
2026-01-06 03:08:30,635 [INFO] Processing queue: 1 matches
2026-01-06 03:08:30,636 [INFO] Targeted fetch for Match ID: 15013841
2026-01-06 03:08:34,624 [INFO] Captured DETAIL for 15013841 -> server/stats\15013841_detail.json
2026-01-06 03:08:35,273 [INFO] Captured STATS for 15013841 -> server/stats\15013841_stats.json
2026-01-06 03:08:37,277 [INFO] Periodic manual fetch for LIVE_LIST (TS: 1767665317)
2026-01-06 03:08:38,684 [INFO] Captured LIVE_LIST -> server/sofascore_live.json
2026-01-06 03:08:38,685 [INFO] [AUTO-STATS] Processing batch 1/1 (3 matches)
2026-01-06 03:08:43,514 [INFO] Captured DETAIL for 15227523 -> server/stats\15227523_detail.json
2026-01-06 03:08:43,517 [WARNING] API Error for 15227523 (STATS), saving empty marker.
2026-01-06 03:08:43,922 [INFO] Captured DETAIL for 15303633 -> server/stats\15303633_detail.json
2026-01-06 03:08:44,375 [INFO] Captured STATS for 15303633 -> server/stats\15303633_stats.json
2026-01-06 03:08:45,352 [INFO] Captured DETAIL for 15264895 -> server/stats\15264895_detail.json
2026-01-06 03:08:45,355 [WARNING] API Error for 15264895 (STATS), saving empty marker.
2026-01-06 03:08:55,423 [INFO] Periodic manual fetch for LIVE_LIST (TS: 1767665335)
2026-01-06 03:08:56,824 [INFO] Captured LIVE_LIST -> server/sofascore_live.json
2026-01-06 03:09:12,851 [INFO] Periodic manual fetch for LIVE_LIST (TS: 1767665352)
2026-01-06 03:09:14,216 [INFO] Captured LIVE_LIST -> server/sofascore_live.json
2026-01-06 03:09:14,217 [INFO] [AUTO-STATS] Processing batch 1/1 (3 matches)
2026-01-06 03:09:30,234 [INFO] Periodic manual fetch for LIVE_LIST (TS: 1767665370)
2026-01-06 03:09:31,524 [INFO] Captured LIVE_LIST -> server/sofascore_live.json
2026-01-06 03:09:45,545 [INFO] [AUTO-STATS] Processing batch 1/1 (3 matches)
2026-01-06 03:09:50,429 [INFO] Captured DETAIL for 15227523 -> server/stats\15227523_detail.json
2026-01-06 03:09:50,432 [WARNING] API Error for 15227523 (STATS), saving empty marker.
2026-01-06 03:09:50,865 [INFO] Captured DETAIL for 15303633 -> server/stats\15303633_detail.json
2026-01-06 03:09:51,404 [INFO] Captured STATS for 15303633 -> server/stats\15303633_stats.json
2026-01-06 03:09:51,814 [INFO] Captured DETAIL for 15264895 -> server/stats\15264895_detail.json
2026-01-06 03:09:51,817 [WARNING] API Error for 15264895 (STATS), saving empty marker.
2026-01-06 03:09:51,827 [INFO] Periodic manual fetch for LIVE_LIST (TS: 1767665391)
2026-01-06 03:09:53,262 [INFO] Captured LIVE_LIST -> server/sofascore_live.json
2026-01-06 03:10:09,282 [INFO] Periodic manual fetch for LIVE_LIST (TS: 1767665409)
2026-01-06 03:10:10,749 [INFO] Captured LIVE_LIST -> server/sofascore_live.json
2026-01-06 03:10:18,759 [INFO] [AUTO-STATS] Processing batch 1/1 (3 matches)
2026-01-06 03:10:26,770 [INFO] Periodic manual fetch for LIVE_LIST (TS: 1767665426)
2026-01-06 03:10:28,113 [INFO] Captured LIVE_LIST -> server/sofascore_live.json
2026-01-06 03:10:32,118 [INFO] Processing queue: 1 matches
2026-01-06 03:10:32,118 [INFO] Targeted fetch for Match ID: 15013841
2026-01-06 03:10:36,070 [INFO] Captured DETAIL for 15013841 -> server/stats\15013841_detail.json
2026-01-06 03:10:36,609 [INFO] Captured STATS for 15013841 -> server/stats\15013841_stats.json
2026-01-06 03:10:44,620 [INFO] Periodic manual fetch for LIVE_LIST (TS: 1767665444)
2026-01-06 03:10:45,957 [INFO] Captured LIVE_LIST -> server/sofascore_live.json
2026-01-06 03:10:49,962 [INFO] [AUTO-STATS] Processing batch 1/1 (3 matches)
2026-01-06 03:11:01,982 [INFO] Periodic manual fetch for LIVE_LIST (TS: 1767665461)
2026-01-06 03:11:03,425 [INFO] Captured LIVE_LIST -> server/sofascore_live.json
2026-01-06 03:11:19,447 [INFO] Periodic manual fetch for LIVE_LIST (TS: 1767665479)
2026-01-06 03:11:20,763 [INFO] Captured LIVE_LIST -> server/sofascore_live.json
2026-01-06 03:11:20,763 [INFO] [AUTO-STATS] Processing batch 1/1 (3 matches)
2026-01-06 03:11:25,711 [INFO] Captured DETAIL for 15227523 -> server/stats\15227523_detail.json
2026-01-06 03:11:25,714 [WARNING] API Error for 15227523 (STATS), saving empty marker.
2026-01-06 03:11:26,024 [INFO] Captured DETAIL for 15303633 -> server/stats\15303633_detail.json
2026-01-06 03:11:26,337 [INFO] Captured STATS for 15303633 -> server/stats\15303633_stats.json
2026-01-06 03:11:26,772 [INFO] Captured DETAIL for 15264895 -> server/stats\15264895_detail.json
2026-01-06 03:11:26,775 [WARNING] API Error for 15264895 (STATS), saving empty marker.
2026-01-06 03:11:36,807 [INFO] Periodic manual fetch for LIVE_LIST (TS: 1767665496)
2026-01-06 03:11:38,250 [INFO] Captured LIVE_LIST -> server/sofascore_live.json
2026-01-06 03:11:54,277 [INFO] Periodic manual fetch for LIVE_LIST (TS: 1767665514)
2026-01-06 03:11:55,804 [INFO] Captured LIVE_LIST -> server/sofascore_live.json
2026-01-06 03:11:55,805 [INFO] [AUTO-STATS] Processing batch 1/1 (3 matches)
2026-01-06 03:11:55,806 [INFO] Processing queue: 1 matches
2026-01-06 03:11:55,806 [INFO] Targeted fetch for Match ID: 15013841
2026-01-06 03:11:59,675 [INFO] Captured DETAIL for 15013841 -> server/stats\15013841_detail.json
2026-01-06 03:12:00,227 [INFO] Captured STATS for 15013841 -> server/stats\15013841_stats.json
2026-01-06 03:12:12,242 [INFO] Periodic manual fetch for LIVE_LIST (TS: 1767665532)
2026-01-06 03:12:13,579 [INFO] Captured LIVE_LIST -> server/sofascore_live.json
2026-01-06 03:12:27,599 [INFO] [AUTO-STATS] Processing batch 1/1 (3 matches)
2026-01-06 03:12:32,469 [INFO] Captured DETAIL for 15227523 -> server/stats\15227523_detail.json
2026-01-06 03:12:32,472 [WARNING] API Error for 15227523 (STATS), saving empty marker.
2026-01-06 03:12:32,883 [INFO] Captured DETAIL for 15303633 -> server/stats\15303633_detail.json
2026-01-06 03:12:33,310 [INFO] Captured STATS for 15303633 -> server/stats\15303633_stats.json
2026-01-06 03:12:33,734 [INFO] Captured DETAIL for 15264895 -> server/stats\15264895_detail.json
2026-01-06 03:12:33,736 [WARNING] API Error for 15264895 (STATS), saving empty marker.
2026-01-06 03:12:33,760 [INFO] Periodic manual fetch for LIVE_LIST (TS: 1767665553)
2026-01-06 03:12:35,145 [INFO] Captured LIVE_LIST -> server/sofascore_live.json
2026-01-06 03:12:51,167 [INFO] Periodic manual fetch for LIVE_LIST (TS: 1767665571)
2026-01-06 03:12:53,761 [INFO] Captured LIVE_LIST -> server/sofascore_live.json
2026-01-06 03:13:01,779 [INFO] [AUTO-STATS] Processing batch 1/1 (3 matches)
2026-01-06 03:13:09,790 [INFO] Periodic manual fetch for LIVE_LIST (TS: 1767665589)
2026-01-06 03:13:11,114 [INFO] Captured LIVE_LIST -> server/sofascore_live.json
2026-01-06 03:13:27,135 [INFO] Periodic manual fetch for LIVE_LIST (TS: 1767665607)
2026-01-06 03:13:28,512 [INFO] Captured LIVE_LIST -> server/sofascore_live.json
2026-01-06 03:13:30,515 [INFO] Processing queue: 1 matches
2026-01-06 03:13:30,515 [INFO] Targeted fetch for Match ID: 15013841
2026-01-06 03:13:34,452 [INFO] Captured DETAIL for 15013841 -> server/stats\15013841_detail.json
2026-01-06 03:13:35,112 [INFO] Captured STATS for 15013841 -> server/stats\15013841_stats.json
2026-01-06 03:13:35,113 [INFO] [AUTO-STATS] Processing batch 1/1 (3 matches)
2026-01-06 03:13:39,968 [INFO] Captured DETAIL for 15227523 -> server/stats\15227523_detail.json
2026-01-06 03:13:39,971 [WARNING] API Error for 15227523 (STATS), saving empty marker.
2026-01-06 03:13:40,293 [INFO] Captured DETAIL for 15303633 -> server/stats\15303633_detail.json
2026-01-06 03:13:40,612 [INFO] Captured STATS for 15303633 -> server/stats\15303633_stats.json
2026-01-06 03:13:40,943 [INFO] Captured DETAIL for 15264895 -> server/stats\15264895_detail.json
2026-01-06 03:13:40,946 [WARNING] API Error for 15264895 (STATS), saving empty marker.
2026-01-06 03:13:44,961 [INFO] Periodic manual fetch for LIVE_LIST (TS: 1767665624)
2026-01-06 03:13:46,328 [INFO] Captured LIVE_LIST -> server/sofascore_live.json
2026-01-06 03:14:02,355 [INFO] Periodic manual fetch for LIVE_LIST (TS: 1767665642)
2026-01-06 03:14:03,721 [INFO] Captured LIVE_LIST -> server/sofascore_live.json
2026-01-06 03:14:07,728 [INFO] [AUTO-STATS] Processing batch 1/1 (3 matches)
2026-01-06 03:14:19,745 [INFO] Periodic manual fetch for LIVE_LIST (TS: 1767665659)
2026-01-06 03:14:21,155 [INFO] Captured LIVE_LIST -> server/sofascore_live.json
2026-01-06 03:14:37,176 [INFO] Periodic manual fetch for LIVE_LIST (TS: 1767665677)
2026-01-06 03:14:38,550 [INFO] Captured LIVE_LIST -> server/sofascore_live.json
2026-01-06 03:14:38,550 [INFO] [AUTO-STATS] Processing batch 1/1 (3 matches)
2026-01-06 03:14:52,571 [INFO] Processing queue: 1 matches
2026-01-06 03:14:52,571 [INFO] Targeted fetch for Match ID: 15013841
2026-01-06 03:14:56,533 [INFO] Captured DETAIL for 15013841 -> server/stats\15013841_detail.json
2026-01-06 03:14:57,163 [INFO] Captured STATS for 15013841 -> server/stats\15013841_stats.json
2026-01-06 03:14:57,163 [INFO] Periodic manual fetch for LIVE_LIST (TS: 1767665697)
2026-01-06 03:14:58,904 [INFO] Captured LIVE_LIST -> server/sofascore_live.json
2026-01-06 03:15:08,917 [INFO] [AUTO-STATS] Processing batch 1/1 (3 matches)
2026-01-06 03:15:13,806 [INFO] Captured DETAIL for 15227523 -> server/stats\15227523_detail.json
2026-01-06 03:15:13,808 [WARNING] API Error for 15227523 (STATS), saving empty marker.
2026-01-06 03:15:14,124 [INFO] Captured DETAIL for 15303633 -> server/stats\15303633_detail.json
2026-01-06 03:15:14,464 [INFO] Captured STATS for 15303633 -> server/stats\15303633_stats.json
2026-01-06 03:15:14,868 [INFO] Captured DETAIL for 15264895 -> server/stats\15264895_detail.json
2026-01-06 03:15:14,870 [WARNING] API Error for 15264895 (STATS), saving empty marker.
2026-01-06 03:15:14,877 [INFO] Periodic manual fetch for LIVE_LIST (TS: 1767665714)
2026-01-06 03:15:17,335 [INFO] Captured LIVE_LIST -> server/sofascore_live.json
2026-01-06 03:15:33,358 [INFO] Periodic manual fetch for LIVE_LIST (TS: 1767665733)
2026-01-06 03:15:34,741 [INFO] Captured LIVE_LIST -> server/sofascore_live.json
2026-01-06 03:15:42,752 [INFO] [AUTO-STATS] Processing batch 1/1 (3 matches)
2026-01-06 03:15:50,761 [INFO] Periodic manual fetch for LIVE_LIST (TS: 1767665750)
2026-01-06 03:15:52,142 [INFO] Captured LIVE_LIST -> server/sofascore_live.json
2026-01-06 03:16:08,168 [INFO] Periodic manual fetch for LIVE_LIST (TS: 1767665768)
2026-01-06 03:16:09,561 [INFO] Captured LIVE_LIST -> server/sofascore_live.json
2026-01-06 03:16:13,567 [INFO] [AUTO-STATS] Processing batch 1/1 (3 matches)
2026-01-06 03:16:25,584 [INFO] Periodic manual fetch for LIVE_LIST (TS: 1767665785)
2026-01-06 03:16:26,945 [INFO] Captured LIVE_LIST -> server/sofascore_live.json
2026-01-06 03:16:30,951 [INFO] Processing queue: 1 matches
2026-01-06 03:16:30,952 [INFO] Targeted fetch for Match ID: 15013841
2026-01-06 03:16:34,864 [INFO] Captured DETAIL for 15013841 -> server/stats\15013841_detail.json
2026-01-06 03:16:35,519 [INFO] Captured STATS for 15013841 -> server/stats\15013841_stats.json
2026-01-06 03:16:43,532 [INFO] Periodic manual fetch for LIVE_LIST (TS: 1767665803)
2026-01-06 03:16:45,004 [INFO] Captured LIVE_LIST -> server/sofascore_live.json
2026-01-06 03:16:45,005 [INFO] [AUTO-STATS] Processing batch 1/1 (3 matches)
2026-01-06 03:16:49,706 [INFO] Captured DETAIL for 15227523 -> server/stats\15227523_detail.json
2026-01-06 03:16:49,709 [WARNING] API Error for 15227523 (STATS), saving empty marker.
2026-01-06 03:16:50,224 [INFO] Captured DETAIL for 15303633 -> server/stats\15303633_detail.json
2026-01-06 03:16:50,548 [INFO] Captured STATS for 15303633 -> server/stats\15303633_stats.json
2026-01-06 03:16:50,978 [INFO] Captured DETAIL for 15264895 -> server/stats\15264895_detail.json
2026-01-06 03:16:50,981 [WARNING] API Error for 15264895 (STATS), saving empty marker.
2026-01-06 03:17:01,013 [INFO] Periodic manual fetch for LIVE_LIST (TS: 1767665821)
2026-01-06 03:17:02,409 [INFO] Captured LIVE_LIST -> server/sofascore_live.json
2026-01-06 03:17:04,411 [INFO] Safety net: Refreshing page...
2026-01-06 03:17:18,765 [INFO] Captured DETAIL for 14025049 -> server/stats\14025049_detail.json
2026-01-06 03:17:19,287 [INFO] Captured DETAIL for 14025037 -> server/stats\14025037_detail.json
2026-01-06 03:17:19,710 [INFO] Captured DETAIL for 14025019 -> server/stats\14025019_detail.json
2026-01-06 03:17:20,127 [INFO] Captured DETAIL for 13981608 -> server/stats\13981608_detail.json
2026-01-06 03:17:20,441 [INFO] Captured DETAIL for 14025061 -> server/stats\14025061_detail.json
2026-01-06 03:17:20,443 [INFO] Periodic manual fetch for LIVE_LIST (TS: 1767665840)
2026-01-06 03:17:21,847 [INFO] Captured LIVE_LIST -> server/sofascore_live.json
2026-01-06 03:17:21,847 [INFO] [AUTO-STATS] Processing batch 1/1 (3 matches)
2026-01-06 03:17:37,869 [INFO] Periodic manual fetch for LIVE_LIST (TS: 1767665857)
2026-01-06 03:17:39,254 [INFO] Captured LIVE_LIST -> server/sofascore_live.json
2026-01-06 03:17:53,272 [INFO] [AUTO-STATS] Processing batch 1/1 (3 matches)
2026-01-06 03:17:58,118 [INFO] Captured DETAIL for 15227523 -> server/stats\15227523_detail.json
2026-01-06 03:17:58,121 [WARNING] API Error for 15227523 (STATS), saving empty marker.
2026-01-06 03:17:58,559 [INFO] Captured DETAIL for 15303633 -> server/stats\15303633_detail.json
2026-01-06 03:17:58,993 [INFO] Captured STATS for 15303633 -> server/stats\15303633_stats.json
2026-01-06 03:17:59,427 [INFO] Captured DETAIL for 15264895 -> server/stats\15264895_detail.json
2026-01-06 03:17:59,429 [WARNING] API Error for 15264895 (STATS), saving empty marker.
2026-01-06 03:17:59,445 [INFO] Periodic manual fetch for LIVE_LIST (TS: 1767665879)
2026-01-06 03:18:00,816 [INFO] Captured LIVE_LIST -> server/sofascore_live.json
2026-01-06 03:18:16,842 [INFO] Periodic manual fetch for LIVE_LIST (TS: 1767665896)
2026-01-06 03:18:18,213 [INFO] Captured LIVE_LIST -> server/sofascore_live.json
2026-01-06 03:18:26,223 [INFO] [AUTO-STATS] Processing batch 1/1 (3 matches)
2026-01-06 03:18:32,232 [INFO] Processing queue: 1 matches
2026-01-06 03:18:32,232 [INFO] Targeted fetch for Match ID: 15013841
2026-01-06 03:18:36,177 [INFO] Captured DETAIL for 15013841 -> server/stats\15013841_detail.json
2026-01-06 03:18:36,916 [INFO] Captured STATS for 15013841 -> server/stats\15013841_stats.json
2026-01-06 03:18:36,916 [INFO] Periodic manual fetch for LIVE_LIST (TS: 1767665916)
2026-01-06 03:18:38,346 [INFO] Captured LIVE_LIST -> server/sofascore_live.json
2026-01-06 03:18:54,367 [INFO] Periodic manual fetch for LIVE_LIST (TS: 1767665934)
2026-01-06 03:18:55,784 [INFO] Captured LIVE_LIST -> server/sofascore_live.json
2026-01-06 03:18:57,788 [INFO] [AUTO-STATS] Processing batch 1/1 (3 matches)
2026-01-06 03:19:11,829 [INFO] Periodic manual fetch for LIVE_LIST (TS: 1767665951)
2026-01-06 03:19:13,364 [INFO] Captured LIVE_LIST -> server/sofascore_live.json
2026-01-06 03:19:29,388 [INFO] Periodic manual fetch for LIVE_LIST (TS: 1767665969)
2026-01-06 03:19:30,776 [INFO] Captured LIVE_LIST -> server/sofascore_live.json
2026-01-06 03:19:30,776 [INFO] [AUTO-STATS] Processing batch 1/1 (3 matches)
2026-01-06 03:19:35,590 [INFO] Captured DETAIL for 15227523 -> server/stats\15227523_detail.json
2026-01-06 03:19:35,593 [WARNING] API Error for 15227523 (STATS), saving empty marker.
2026-01-06 03:19:36,855 [INFO] Captured DETAIL for 15303633 -> server/stats\15303633_detail.json
2026-01-06 03:19:37,179 [INFO] Captured STATS for 15303633 -> server/stats\15303633_stats.json
2026-01-06 03:19:37,502 [INFO] Captured DETAIL for 15264895 -> server/stats\15264895_detail.json
2026-01-06 03:19:37,504 [WARNING] API Error for 15264895 (STATS), saving empty marker.
2026-01-06 03:19:47,527 [INFO] Periodic manual fetch for LIVE_LIST (TS: 1767665987)
2026-01-06 03:19:48,951 [INFO] Captured LIVE_LIST -> server/sofascore_live.json
2026-01-06 03:20:04,970 [INFO] Periodic manual fetch for LIVE_LIST (TS: 1767666004)
2026-01-06 03:20:06,381 [INFO] Captured LIVE_LIST -> server/sofascore_live.json
2026-01-06 03:20:06,381 [INFO] [AUTO-STATS] Processing batch 1/1 (3 matches)
2026-01-06 03:20:22,402 [INFO] Periodic manual fetch for LIVE_LIST (TS: 1767666022)
2026-01-06 03:20:23,800 [INFO] Captured LIVE_LIST -> server/sofascore_live.json
2026-01-06 03:20:31,811 [INFO] Processing queue: 1 matches
2026-01-06 03:20:31,811 [INFO] Targeted fetch for Match ID: 15013841
2026-01-06 03:20:35,741 [INFO] Captured DETAIL for 15013841 -> server/stats\15013841_detail.json
2026-01-06 03:20:36,393 [INFO] Captured STATS for 15013841 -> server/stats\15013841_stats.json
2026-01-06 03:20:36,393 [INFO] [AUTO-STATS] Processing batch 1/1 (3 matches)
2026-01-06 03:20:41,280 [INFO] Captured DETAIL for 15227523 -> server/stats\15227523_detail.json
2026-01-06 03:20:41,283 [WARNING] API Error for 15227523 (STATS), saving empty marker.
2026-01-06 03:20:41,612 [INFO] Captured DETAIL for 15303633 -> server/stats\15303633_detail.json
2026-01-06 03:20:41,934 [INFO] Captured STATS for 15303633 -> server/stats\15303633_stats.json
2026-01-06 03:20:42,360 [INFO] Captured DETAIL for 15264895 -> server/stats\15264895_detail.json
2026-01-06 03:20:42,362 [WARNING] API Error for 15264895 (STATS), saving empty marker.
2026-01-06 03:20:42,372 [INFO] Periodic manual fetch for LIVE_LIST (TS: 1767666042)
2026-01-06 03:20:43,776 [INFO] Captured LIVE_LIST -> server/sofascore_live.json
2026-01-06 03:20:59,799 [INFO] Periodic manual fetch for LIVE_LIST (TS: 1767666059)
2026-01-06 03:21:01,203 [INFO] Captured LIVE_LIST -> server/sofascore_live.json
2026-01-06 03:21:09,219 [INFO] [AUTO-STATS] Processing batch 1/1 (3 matches)
2026-01-06 03:21:17,229 [INFO] Periodic manual fetch for LIVE_LIST (TS: 1767666077)
2026-01-06 03:21:18,645 [INFO] Captured LIVE_LIST -> server/sofascore_live.json
2026-01-06 03:21:34,662 [INFO] Periodic manual fetch for LIVE_LIST (TS: 1767666094)
2026-01-06 03:21:36,025 [INFO] Captured LIVE_LIST -> server/sofascore_live.json
2026-01-06 03:21:40,031 [INFO] [AUTO-STATS] Processing batch 1/1 (3 matches)
2026-01-06 03:21:52,047 [INFO] Periodic manual fetch for LIVE_LIST (TS: 1767666112)
2026-01-06 03:21:53,448 [INFO] Captured LIVE_LIST -> server/sofascore_live.json
2026-01-06 03:22:09,477 [INFO] Periodic manual fetch for LIVE_LIST (TS: 1767666129)
2026-01-06 03:22:10,918 [INFO] Captured LIVE_LIST -> server/sofascore_live.json
2026-01-06 03:22:10,918 [INFO] [AUTO-STATS] Processing batch 1/1 (3 matches)
2026-01-06 03:22:15,738 [INFO] Captured DETAIL for 15227523 -> server/stats\15227523_detail.json
2026-01-06 03:22:15,741 [WARNING] API Error for 15227523 (STATS), saving empty marker.
2026-01-06 03:22:16,271 [INFO] Captured DETAIL for 15303633 -> server/stats\15303633_detail.json
2026-01-06 03:22:16,595 [INFO] Captured STATS for 15303633 -> server/stats\15303633_stats.json
2026-01-06 03:22:17,138 [INFO] Captured DETAIL for 15264895 -> server/stats\15264895_detail.json
2026-01-06 03:22:17,140 [WARNING] API Error for 15264895 (STATS), saving empty marker.
2026-01-06 03:22:27,170 [INFO] Periodic manual fetch for LIVE_LIST (TS: 1767666147)
2026-01-06 03:22:28,515 [INFO] Captured LIVE_LIST -> server/sofascore_live.json
2026-01-06 03:22:30,519 [INFO] Processing queue: 1 matches
2026-01-06 03:22:30,519 [INFO] Targeted fetch for Match ID: 15013841
2026-01-06 03:22:34,400 [INFO] Captured DETAIL for 15013841 -> server/stats\15013841_detail.json
2026-01-06 03:22:34,971 [INFO] Captured STATS for 15013841 -> server/stats\15013841_stats.json
2026-01-06 03:22:44,982 [INFO] Periodic manual fetch for LIVE_LIST (TS: 1767666164)
2026-01-06 03:22:46,375 [INFO] Captured LIVE_LIST -> server/sofascore_live.json
2026-01-06 03:22:46,375 [INFO] [AUTO-STATS] Processing batch 1/1 (3 matches)
2026-01-06 03:23:02,396 [INFO] Periodic manual fetch for LIVE_LIST (TS: 1767666182)
2026-01-06 03:23:03,760 [INFO] Captured LIVE_LIST -> server/sofascore_live.json
2026-01-06 03:23:17,785 [INFO] [AUTO-STATS] Processing batch 1/1 (3 matches)
2026-01-06 03:23:23,418 [INFO] Captured DETAIL for 15227523 -> server/stats\15227523_detail.json
2026-01-06 03:23:23,421 [WARNING] API Error for 15227523 (STATS), saving empty marker.
2026-01-06 03:23:23,838 [INFO] Captured DETAIL for 15303633 -> server/stats\15303633_detail.json
2026-01-06 03:23:24,149 [INFO] Captured STATS for 15303633 -> server/stats\15303633_stats.json
2026-01-06 03:23:24,451 [INFO] Captured DETAIL for 15264895 -> server/stats\15264895_detail.json
2026-01-06 03:23:24,453 [WARNING] API Error for 15264895 (STATS), saving empty marker.
2026-01-06 03:23:24,462 [INFO] Periodic manual fetch for LIVE_LIST (TS: 1767666204)
2026-01-06 03:23:25,850 [INFO] Captured LIVE_LIST -> server/sofascore_live.json
2026-01-06 03:23:41,871 [INFO] Periodic manual fetch for LIVE_LIST (TS: 1767666221)
2026-01-06 03:23:43,279 [INFO] Captured LIVE_LIST -> server/sofascore_live.json
2026-01-06 03:23:51,290 [INFO] [AUTO-STATS] Processing batch 1/1 (3 matches)
2026-01-06 03:23:59,299 [INFO] Periodic manual fetch for LIVE_LIST (TS: 1767666239)
2026-01-06 03:24:00,615 [INFO] Captured LIVE_LIST -> server/sofascore_live.json
2026-01-06 03:24:16,681 [INFO] Periodic manual fetch for LIVE_LIST (TS: 1767666256)
2026-01-06 03:24:18,054 [INFO] Captured LIVE_LIST -> server/sofascore_live.json
2026-01-06 03:24:22,061 [INFO] [AUTO-STATS] Processing batch 1/1 (2 matches)
2026-01-06 03:24:32,075 [INFO] Processing queue: 1 matches
2026-01-06 03:24:32,075 [INFO] Targeted fetch for Match ID: 15013841
2026-01-06 03:24:36,592 [INFO] Captured DETAIL for 15013841 -> server/stats\15013841_detail.json
2026-01-06 03:24:37,156 [INFO] Captured STATS for 15013841 -> server/stats\15013841_stats.json
2026-01-06 03:24:37,157 [INFO] Periodic manual fetch for LIVE_LIST (TS: 1767666277)
2026-01-06 03:24:38,557 [INFO] Captured LIVE_LIST -> server/sofascore_live.json
2026-01-06 03:24:52,575 [INFO] [AUTO-STATS] Processing batch 1/1 (2 matches)
2026-01-06 03:24:56,620 [INFO] Captured DETAIL for 15227523 -> server/stats\15227523_detail.json
2026-01-06 03:24:56,623 [WARNING] API Error for 15227523 (STATS), saving empty marker.
2026-01-06 03:24:57,040 [INFO] Captured DETAIL for 15264895 -> server/stats\15264895_detail.json
2026-01-06 03:24:57,042 [WARNING] API Error for 15264895 (STATS), saving empty marker.
2026-01-06 03:24:57,060 [INFO] Periodic manual fetch for LIVE_LIST (TS: 1767666297)
2026-01-06 03:24:58,453 [INFO] Captured LIVE_LIST -> server/sofascore_live.json
2026-01-06 03:25:14,482 [INFO] Periodic manual fetch for LIVE_LIST (TS: 1767666314)
2026-01-06 03:25:15,881 [INFO] Captured LIVE_LIST -> server/sofascore_live.json
2026-01-06 03:25:25,895 [INFO] [AUTO-STATS] Processing batch 1/1 (2 matches)
2026-01-06 03:25:31,905 [INFO] Periodic manual fetch for LIVE_LIST (TS: 1767666331)
2026-01-06 03:25:33,263 [INFO] Captured LIVE_LIST -> server/sofascore_live.json
2026-01-06 03:25:49,285 [INFO] Periodic manual fetch for LIVE_LIST (TS: 1767666349)
2026-01-06 03:25:50,619 [INFO] Captured LIVE_LIST -> server/sofascore_live.json
2026-01-06 03:25:56,628 [INFO] [AUTO-STATS] Processing batch 1/1 (2 matches)
2026-01-06 03:26:06,646 [INFO] Periodic manual fetch for LIVE_LIST (TS: 1767666366)
2026-01-06 03:26:08,074 [INFO] Captured LIVE_LIST -> server/sofascore_live.json
2026-01-06 03:26:24,094 [INFO] Periodic manual fetch for LIVE_LIST (TS: 1767666384)
2026-01-06 03:26:25,352 [INFO] Captured LIVE_LIST -> server/sofascore_live.json
2026-01-06 03:26:27,356 [INFO] [AUTO-STATS] Processing batch 1/1 (2 matches)
2026-01-06 03:26:31,285 [INFO] Captured DETAIL for 15227523 -> server/stats\15227523_detail.json
2026-01-06 03:26:31,290 [WARNING] API Error for 15227523 (STATS), saving empty marker.
2026-01-06 03:26:31,614 [INFO] Captured DETAIL for 15264895 -> server/stats\15264895_detail.json
2026-01-06 03:26:31,618 [WARNING] API Error for 15264895 (STATS), saving empty marker.
2026-01-06 03:26:31,630 [INFO] Processing queue: 1 matches
2026-01-06 03:26:31,631 [INFO] Targeted fetch for Match ID: 15013841
2026-01-06 03:26:36,061 [INFO] Captured DETAIL for 15013841 -> server/stats\15013841_detail.json
2026-01-06 03:26:36,610 [INFO] Captured STATS for 15013841 -> server/stats\15013841_stats.json
2026-01-06 03:26:40,616 [INFO] Periodic manual fetch for LIVE_LIST (TS: 1767666400)
2026-01-06 03:26:44,759 [INFO] Captured LIVE_LIST -> server/sofascore_live.json
2026-01-06 03:26:58,780 [INFO] Periodic manual fetch for LIVE_LIST (TS: 1767666418)
2026-01-06 03:27:00,310 [INFO] Captured LIVE_LIST -> server/sofascore_live.json
2026-01-06 03:27:00,310 [INFO] [AUTO-STATS] Processing batch 1/1 (2 matches)
2026-01-06 03:27:16,339 [INFO] Periodic manual fetch for LIVE_LIST (TS: 1767666436)
2026-01-06 03:27:17,874 [INFO] Captured LIVE_LIST -> server/sofascore_live.json
2026-01-06 03:27:17,874 [INFO] Safety net: Refreshing page...
2026-01-06 03:27:32,746 [INFO] Captured DETAIL for 14025049 -> server/stats\14025049_detail.json
2026-01-06 03:27:33,177 [INFO] Captured DETAIL for 14025037 -> server/stats\14025037_detail.json
2026-01-06 03:27:33,506 [INFO] Captured DETAIL for 14025019 -> server/stats\14025019_detail.json
2026-01-06 03:27:33,807 [INFO] Captured DETAIL for 14025061 -> server/stats\14025061_detail.json
2026-01-06 03:27:34,121 [INFO] Captured DETAIL for 13981608 -> server/stats\13981608_detail.json
2026-01-06 03:27:34,124 [INFO] Periodic manual fetch for LIVE_LIST (TS: 1767666454)
2026-01-06 03:27:35,415 [INFO] Captured LIVE_LIST -> server/sofascore_live.json
2026-01-06 03:27:35,416 [INFO] [AUTO-STATS] Processing batch 1/1 (2 matches)
2026-01-06 03:27:39,441 [INFO] Captured DETAIL for 15227523 -> server/stats\15227523_detail.json
2026-01-06 03:27:39,443 [WARNING] API Error for 15227523 (STATS), saving empty marker.
2026-01-06 03:27:39,838 [INFO] Captured DETAIL for 15264895 -> server/stats\15264895_detail.json
2026-01-06 03:27:39,840 [WARNING] API Error for 15264895 (STATS), saving empty marker.
2026-01-06 03:27:51,872 [INFO] Periodic manual fetch for LIVE_LIST (TS: 1767666471)
2026-01-06 03:27:53,270 [INFO] Captured LIVE_LIST -> server/sofascore_live.json
2026-01-06 03:28:07,292 [INFO] [AUTO-STATS] Processing batch 1/1 (2 matches)
2026-01-06 03:28:09,295 [INFO] Periodic manual fetch for LIVE_LIST (TS: 1767666489)
2026-01-06 03:28:10,695 [INFO] Captured LIVE_LIST -> server/sofascore_live.json
2026-01-06 03:28:26,720 [INFO] Periodic manual fetch for LIVE_LIST (TS: 1767666506)
2026-01-06 03:28:28,174 [INFO] Captured LIVE_LIST -> server/sofascore_live.json
2026-01-06 03:28:32,182 [INFO] Processing queue: 1 matches
2026-01-06 03:28:32,182 [INFO] Targeted fetch for Match ID: 15013841
2026-01-06 03:28:36,131 [INFO] Captured DETAIL for 15013841 -> server/stats\15013841_detail.json
2026-01-06 03:28:36,771 [INFO] Captured STATS for 15013841 -> server/stats\15013841_stats.json
2026-01-06 03:28:38,775 [INFO] [AUTO-STATS] Processing batch 1/1 (2 matches)
2026-01-06 03:28:44,784 [INFO] Periodic manual fetch for LIVE_LIST (TS: 1767666524)
2026-01-06 03:28:46,101 [INFO] Captured LIVE_LIST -> server/sofascore_live.json
2026-01-06 03:29:02,125 [INFO] Periodic manual fetch for LIVE_LIST (TS: 1767666542)
2026-01-06 03:29:03,441 [INFO] Captured LIVE_LIST -> server/sofascore_live.json
2026-01-06 03:29:09,448 [INFO] [AUTO-STATS] Processing batch 1/1 (2 matches)
2026-01-06 03:29:13,527 [INFO] Captured DETAIL for 15227523 -> server/stats\15227523_detail.json
2026-01-06 03:29:13,530 [WARNING] API Error for 15227523 (STATS), saving empty marker.
2026-01-06 03:29:13,964 [INFO] Captured DETAIL for 15264895 -> server/stats\15264895_detail.json
2026-01-06 03:29:13,966 [WARNING] API Error for 15264895 (STATS), saving empty marker.
2026-01-06 03:29:19,994 [INFO] Periodic manual fetch for LIVE_LIST (TS: 1767666559)
2026-01-06 03:29:21,350 [INFO] Captured LIVE_LIST -> server/sofascore_live.json
2026-01-06 03:29:37,370 [INFO] Periodic manual fetch for LIVE_LIST (TS: 1767666577)
2026-01-06 03:29:38,667 [INFO] Captured LIVE_LIST -> server/sofascore_live.json
2026-01-06 03:29:42,676 [INFO] [AUTO-STATS] Processing batch 1/1 (2 matches)
2026-01-06 03:29:54,693 [INFO] Periodic manual fetch for LIVE_LIST (TS: 1767666594)
2026-01-06 03:29:56,082 [INFO] Captured LIVE_LIST -> server/sofascore_live.json
2026-01-06 03:30:12,110 [INFO] Periodic manual fetch for LIVE_LIST (TS: 1767666612)
2026-01-06 03:30:13,491 [INFO] Captured LIVE_LIST -> server/sofascore_live.json
2026-01-06 03:30:13,491 [INFO] [AUTO-STATS] Processing batch 1/1 (1 matches)
2026-01-06 03:30:29,524 [INFO] Periodic manual fetch for LIVE_LIST (TS: 1767666629)
2026-01-06 03:30:30,801 [INFO] Captured LIVE_LIST -> server/sofascore_live.json
2026-01-06 03:30:30,802 [INFO] Processing queue: 1 matches
2026-01-06 03:30:30,803 [INFO] Targeted fetch for Match ID: 15013841
2026-01-06 03:30:34,694 [INFO] Captured DETAIL for 15013841 -> server/stats\15013841_detail.json
2026-01-06 03:30:35,232 [INFO] Captured STATS for 15013841 -> server/stats\15013841_stats.json
2026-01-06 03:30:45,246 [INFO] [AUTO-STATS] Processing batch 1/1 (1 matches)
2026-01-06 03:30:48,450 [INFO] Captured DETAIL for 15264895 -> server/stats\15264895_detail.json
2026-01-06 03:30:48,452 [WARNING] API Error for 15264895 (STATS), saving empty marker.
2026-01-06 03:30:48,462 [INFO] Periodic manual fetch for LIVE_LIST (TS: 1767666648)
2026-01-06 03:30:49,920 [INFO] Captured LIVE_LIST -> server/sofascore_live.json
2026-01-06 03:31:05,957 [INFO] Periodic manual fetch for LIVE_LIST (TS: 1767666665)
2026-01-06 03:31:07,321 [INFO] Captured LIVE_LIST -> server/sofascore_live.json
2026-01-06 03:31:17,336 [INFO] [AUTO-STATS] Processing batch 1/1 (1 matches)
2026-01-06 03:31:23,352 [INFO] Periodic manual fetch for LIVE_LIST (TS: 1767666683)
2026-01-06 03:31:24,762 [INFO] Captured LIVE_LIST -> server/sofascore_live.json
2026-01-06 03:31:40,782 [INFO] Periodic manual fetch for LIVE_LIST (TS: 1767666700)
2026-01-06 03:31:42,213 [INFO] Captured LIVE_LIST -> server/sofascore_live.json
2026-01-06 03:31:48,222 [INFO] [AUTO-STATS] Processing batch 1/1 (1 matches)
2026-01-06 03:31:58,235 [INFO] Periodic manual fetch for LIVE_LIST (TS: 1767666718)
2026-01-06 03:31:59,627 [INFO] Captured LIVE_LIST -> server/sofascore_live.json
2026-01-06 03:32:15,653 [INFO] Periodic manual fetch for LIVE_LIST (TS: 1767666735)
2026-01-06 03:32:16,954 [INFO] Captured LIVE_LIST -> server/sofascore_live.json
2026-01-06 03:32:18,956 [INFO] [AUTO-STATS] Processing batch 1/1 (1 matches)
2026-01-06 03:32:22,261 [INFO] Captured DETAIL for 15264895 -> server/stats\15264895_detail.json
2026-01-06 03:32:22,264 [WARNING] API Error for 15264895 (STATS), saving empty marker.
2026-01-06 03:32:32,287 [INFO] Periodic manual fetch for LIVE_LIST (TS: 1767666752)
2026-01-06 03:32:33,651 [INFO] Captured LIVE_LIST -> server/sofascore_live.json
2026-01-06 03:32:33,652 [INFO] Processing queue: 1 matches
2026-01-06 03:32:33,652 [INFO] Targeted fetch for Match ID: 15013841
2026-01-06 03:32:37,414 [INFO] Captured DETAIL for 15013841 -> server/stats\15013841_detail.json
2026-01-06 03:32:38,060 [INFO] Captured STATS for 15013841 -> server/stats\15013841_stats.json
2026-01-06 03:32:50,078 [INFO] Periodic manual fetch for LIVE_LIST (TS: 1767666770)
2026-01-06 03:32:51,583 [INFO] Captured LIVE_LIST -> server/sofascore_live.json
2026-01-06 03:32:51,583 [INFO] [AUTO-STATS] Processing batch 1/1 (1 matches)
2026-01-06 03:33:07,604 [INFO] Periodic manual fetch for LIVE_LIST (TS: 1767666787)
2026-01-06 03:33:08,996 [INFO] Captured LIVE_LIST -> server/sofascore_live.json
2026-01-06 03:33:23,030 [INFO] [AUTO-STATS] Processing batch 1/1 (1 matches)
2026-01-06 03:33:26,367 [INFO] Captured DETAIL for 15264895 -> server/stats\15264895_detail.json
2026-01-06 03:33:26,369 [WARNING] API Error for 15264895 (STATS), saving empty marker.
2026-01-06 03:33:26,383 [INFO] Periodic manual fetch for LIVE_LIST (TS: 1767666806)
2026-01-06 03:33:27,734 [INFO] Captured LIVE_LIST -> server/sofascore_live.json
2026-01-06 03:33:43,758 [INFO] Periodic manual fetch for LIVE_LIST (TS: 1767666823)
2026-01-06 03:33:45,073 [INFO] Captured LIVE_LIST -> server/sofascore_live.json
2026-01-06 03:33:55,089 [INFO] [AUTO-STATS] Processing batch 1/1 (1 matches)
2026-01-06 03:34:01,099 [INFO] Periodic manual fetch for LIVE_LIST (TS: 1767666841)
2026-01-06 03:34:02,460 [INFO] Captured LIVE_LIST -> server/sofascore_live.json
2026-01-06 03:34:18,480 [INFO] Periodic manual fetch for LIVE_LIST (TS: 1767666858)
2026-01-06 03:34:19,886 [INFO] Captured LIVE_LIST -> server/sofascore_live.json
2026-01-06 03:34:25,903 [INFO] [AUTO-STATS] Processing batch 1/1 (1 matches)
2026-01-06 03:34:31,913 [INFO] Processing queue: 1 matches
2026-01-06 03:34:31,913 [INFO] Targeted fetch for Match ID: 15013841
2026-01-06 03:34:35,822 [INFO] Captured DETAIL for 15013841 -> server/stats\15013841_detail.json
2026-01-06 03:34:36,471 [INFO] Captured STATS for 15013841 -> server/stats\15013841_stats.json
2026-01-06 03:34:36,472 [INFO] Periodic manual fetch for LIVE_LIST (TS: 1767666876)
2026-01-06 03:34:37,846 [INFO] Captured LIVE_LIST -> server/sofascore_live.json
2026-01-06 03:34:53,871 [INFO] Periodic manual fetch for LIVE_LIST (TS: 1767666893)
2026-01-06 03:34:55,237 [INFO] Captured LIVE_LIST -> server/sofascore_live.json
2026-01-06 03:34:57,240 [INFO] [AUTO-STATS] Processing batch 1/1 (1 matches)
2026-01-06 03:35:00,619 [INFO] Captured DETAIL for 15264895 -> server/stats\15264895_detail.json
2026-01-06 03:35:00,622 [WARNING] API Error for 15264895 (STATS), saving empty marker.
2026-01-06 03:35:10,681 [INFO] Periodic manual fetch for LIVE_LIST (TS: 1767666910)
2026-01-06 03:35:12,023 [INFO] Captured LIVE_LIST -> server/sofascore_live.json
2026-01-06 03:35:28,054 [INFO] Periodic manual fetch for LIVE_LIST (TS: 1767666928)
2026-01-06 03:35:29,394 [INFO] Captured LIVE_LIST -> server/sofascore_live.json
2026-01-06 03:35:29,395 [INFO] [AUTO-STATS] Processing batch 1/1 (1 matches)
2026-01-06 03:35:45,421 [INFO] Periodic manual fetch for LIVE_LIST (TS: 1767666945)
2026-01-06 03:35:46,785 [INFO] Captured LIVE_LIST -> server/sofascore_live.json
2026-01-06 03:36:00,806 [INFO] [AUTO-STATS] Processing batch 1/1 (1 matches)
2026-01-06 03:36:03,938 [INFO] Captured DETAIL for 15264895 -> server/stats\15264895_detail.json
2026-01-06 03:36:03,940 [WARNING] API Error for 15264895 (STATS), saving empty marker.
2026-01-06 03:36:03,947 [INFO] Periodic manual fetch for LIVE_LIST (TS: 1767666963)
2026-01-06 03:36:05,379 [INFO] Captured LIVE_LIST -> server/sofascore_live.json
2026-01-06 03:36:21,406 [INFO] Periodic manual fetch for LIVE_LIST (TS: 1767666981)
2026-01-06 03:36:22,798 [INFO] Captured LIVE_LIST -> server/sofascore_live.json
2026-01-06 03:36:30,809 [INFO] Processing queue: 1 matches
2026-01-06 03:36:30,810 [INFO] Targeted fetch for Match ID: 15013841
2026-01-06 03:36:34,697 [INFO] Captured DETAIL for 15013841 -> server/stats\15013841_detail.json
2026-01-06 03:36:35,351 [INFO] Captured STATS for 15013841 -> server/stats\15013841_stats.json
2026-01-06 03:36:35,352 [INFO] [AUTO-STATS] Processing batch 1/1 (1 matches)
2026-01-06 03:36:39,356 [INFO] Periodic manual fetch for LIVE_LIST (TS: 1767666999)
2026-01-06 03:36:40,750 [INFO] Captured LIVE_LIST -> server/sofascore_live.json
2026-01-06 03:36:56,775 [INFO] Periodic manual fetch for LIVE_LIST (TS: 1767667016)
2026-01-06 03:36:58,181 [INFO] Captured LIVE_LIST -> server/sofascore_live.json
2026-01-06 03:37:06,194 [INFO] [AUTO-STATS] Processing batch 1/1 (1 matches)
2026-01-06 03:37:09,403 [INFO] Captured DETAIL for 15264895 -> server/stats\15264895_detail.json
2026-01-06 03:37:09,406 [WARNING] API Error for 15264895 (STATS), saving empty marker.
2026-01-06 03:37:13,422 [INFO] Periodic manual fetch for LIVE_LIST (TS: 1767667033)
2026-01-06 03:37:14,799 [INFO] Captured LIVE_LIST -> server/sofascore_live.json
2026-01-06 03:37:30,829 [INFO] Periodic manual fetch for LIVE_LIST (TS: 1767667050)
2026-01-06 03:37:32,206 [INFO] Captured LIVE_LIST -> server/sofascore_live.json
2026-01-06 03:37:32,206 [INFO] Safety net: Refreshing page...
2026-01-06 03:37:43,968 [INFO] [AUTO-STATS] Processing batch 1/1 (1 matches)
2026-01-06 03:37:46,703 [INFO] Captured DETAIL for 14025019 -> server/stats\14025019_detail.json
2026-01-06 03:37:47,613 [INFO] Captured DETAIL for 14025037 -> server/stats\14025037_detail.json
2026-01-06 03:37:48,044 [INFO] Captured DETAIL for 13981608 -> server/stats\13981608_detail.json
2026-01-06 03:37:48,373 [INFO] Captured DETAIL for 14025061 -> server/stats\14025061_detail.json
2026-01-06 03:37:48,816 [INFO] Captured DETAIL for 14025049 -> server/stats\14025049_detail.json
2026-01-06 03:37:48,819 [INFO] Periodic manual fetch for LIVE_LIST (TS: 1767667068)
2026-01-06 03:37:50,182 [INFO] Captured LIVE_LIST -> server/sofascore_live.json
2026-01-06 03:38:06,205 [INFO] Periodic manual fetch for LIVE_LIST (TS: 1767667086)
2026-01-06 03:38:07,560 [INFO] Captured LIVE_LIST -> server/sofascore_live.json
2026-01-06 03:38:15,569 [INFO] [AUTO-STATS] Processing batch 1/1 (1 matches)
2026-01-06 03:38:18,709 [INFO] Captured DETAIL for 15264895 -> server/stats\15264895_detail.json
2026-01-06 03:38:18,711 [WARNING] API Error for 15264895 (STATS), saving empty marker.
2026-01-06 03:38:22,723 [INFO] Periodic manual fetch for LIVE_LIST (TS: 1767667102)
2026-01-06 03:38:24,040 [INFO] Captured LIVE_LIST -> server/sofascore_live.json
2026-01-06 03:38:40,060 [INFO] Periodic manual fetch for LIVE_LIST (TS: 1767667120)
2026-01-06 03:38:41,437 [INFO] Captured LIVE_LIST -> server/sofascore_live.json
2026-01-06 03:38:47,451 [INFO] [AUTO-STATS] Processing batch 1/1 (1 matches)
2026-01-06 03:38:57,465 [INFO] Periodic manual fetch for LIVE_LIST (TS: 1767667137)
2026-01-06 03:38:58,736 [INFO] Captured LIVE_LIST -> server/sofascore_live.json
2026-01-06 03:39:14,763 [INFO] Periodic manual fetch for LIVE_LIST (TS: 1767667154)
2026-01-06 03:39:16,171 [INFO] Captured LIVE_LIST -> server/sofascore_live.json
2026-01-06 03:39:18,174 [INFO] [AUTO-STATS] Processing batch 1/1 (1 matches)
2026-01-06 03:39:32,194 [INFO] Periodic manual fetch for LIVE_LIST (TS: 1767667172)
2026-01-06 03:39:33,557 [INFO] Captured LIVE_LIST -> server/sofascore_live.json
2026-01-06 03:39:37,566 [INFO] Processing queue: 1 matches
2026-01-06 03:39:37,566 [INFO] Targeted fetch for Match ID: 15013841
2026-01-06 03:39:41,494 [INFO] Captured DETAIL for 15013841 -> server/stats\15013841_detail.json
2026-01-06 03:39:42,069 [INFO] Captured STATS for 15013841 -> server/stats\15013841_stats.json
2026-01-06 03:39:50,082 [INFO] Periodic manual fetch for LIVE_LIST (TS: 1767667190)
2026-01-06 03:39:51,400 [INFO] Captured LIVE_LIST -> server/sofascore_live.json
2026-01-06 03:39:51,400 [INFO] [AUTO-STATS] Processing batch 1/1 (1 matches)
2026-01-06 03:39:54,590 [INFO] Captured DETAIL for 15264895 -> server/stats\15264895_detail.json
2026-01-06 03:39:54,592 [WARNING] API Error for 15264895 (STATS), saving empty marker.
2026-01-06 03:40:06,617 [INFO] Periodic manual fetch for LIVE_LIST (TS: 1767667206)
2026-01-06 03:40:07,974 [INFO] Captured LIVE_LIST -> server/sofascore_live.json
2026-01-06 03:40:23,997 [INFO] Periodic manual fetch for LIVE_LIST (TS: 1767667223)
2026-01-06 03:40:25,379 [INFO] Captured LIVE_LIST -> server/sofascore_live.json
2026-01-06 03:40:25,379 [INFO] [AUTO-STATS] Processing batch 1/1 (1 matches)
2026-01-06 03:40:41,414 [INFO] Periodic manual fetch for LIVE_LIST (TS: 1767667241)
2026-01-06 03:40:42,795 [INFO] Captured LIVE_LIST -> server/sofascore_live.json
2026-01-06 03:40:56,817 [INFO] [AUTO-STATS] Processing batch 1/1 (1 matches)
2026-01-06 03:41:00,047 [INFO] Captured DETAIL for 15264895 -> server/stats\15264895_detail.json
2026-01-06 03:41:00,049 [WARNING] API Error for 15264895 (STATS), saving empty marker.
2026-01-06 03:41:00,062 [INFO] Periodic manual fetch for LIVE_LIST (TS: 1767667260)
2026-01-06 03:41:01,431 [INFO] Captured LIVE_LIST -> server/sofascore_live.json
2026-01-06 03:41:17,454 [INFO] Periodic manual fetch for LIVE_LIST (TS: 1767667277)
2026-01-06 03:41:18,849 [INFO] Captured LIVE_LIST -> server/sofascore_live.json
2026-01-06 03:41:28,864 [INFO] [AUTO-STATS] Processing batch 1/1 (1 matches)
2026-01-06 03:41:34,880 [INFO] Periodic manual fetch for LIVE_LIST (TS: 1767667294)
2026-01-06 03:41:36,268 [INFO] Captured LIVE_LIST -> server/sofascore_live.json
2026-01-06 03:41:38,271 [INFO] Processing queue: 1 matches
2026-01-06 03:41:38,272 [INFO] Targeted fetch for Match ID: 15013841
2026-01-06 03:41:42,189 [INFO] Captured DETAIL for 15013841 -> server/stats\15013841_detail.json
2026-01-06 03:41:42,820 [INFO] Captured STATS for 15013841 -> server/stats\15013841_stats.json
2026-01-06 03:41:52,832 [INFO] Periodic manual fetch for LIVE_LIST (TS: 1767667312)
2026-01-06 03:41:54,085 [INFO] Captured LIVE_LIST -> server/sofascore_live.json
2026-01-06 03:42:00,095 [INFO] [AUTO-STATS] Processing batch 1/1 (1 matches)
2026-01-06 03:42:03,354 [INFO] Captured DETAIL for 15264895 -> server/stats\15264895_detail.json
2026-01-06 03:42:03,357 [WARNING] API Error for 15264895 (STATS), saving empty marker.
2026-01-06 03:42:09,376 [INFO] Periodic manual fetch for LIVE_LIST (TS: 1767667329)
2026-01-06 03:42:10,767 [INFO] Captured LIVE_LIST -> server/sofascore_live.json
2026-01-06 03:42:26,791 [INFO] Periodic manual fetch for LIVE_LIST (TS: 1767667346)
2026-01-06 03:42:28,187 [INFO] Captured LIVE_LIST -> server/sofascore_live.json
2026-01-06 03:42:32,195 [INFO] [AUTO-STATS] Processing batch 1/1 (1 matches)
2026-01-06 03:42:44,220 [INFO] Periodic manual fetch for LIVE_LIST (TS: 1767667364)
2026-01-06 03:42:45,678 [INFO] Captured LIVE_LIST -> server/sofascore_live.json
2026-01-06 03:43:01,700 [INFO] Periodic manual fetch for LIVE_LIST (TS: 1767667381)
2026-01-06 03:43:02,978 [INFO] Captured LIVE_LIST -> server/sofascore_live.json
2026-01-06 03:43:02,979 [INFO] [AUTO-STATS] Processing batch 1/1 (1 matches)
2026-01-06 03:43:18,999 [INFO] Periodic manual fetch for LIVE_LIST (TS: 1767667398)
2026-01-06 03:43:20,489 [INFO] Captured LIVE_LIST -> server/sofascore_live.json
2026-01-06 03:43:34,515 [INFO] [AUTO-STATS] Processing batch 1/1 (1 matches)
2026-01-06 03:43:37,749 [INFO] Captured DETAIL for 15264895 -> server/stats\15264895_detail.json
2026-01-06 03:43:37,753 [WARNING] API Error for 15264895 (STATS), saving empty marker.
2026-01-06 03:43:37,766 [INFO] Periodic manual fetch for LIVE_LIST (TS: 1767667417)
2026-01-06 03:43:39,177 [INFO] Captured LIVE_LIST -> server/sofascore_live.json
2026-01-06 03:43:39,177 [INFO] Processing queue: 1 matches
2026-01-06 03:43:39,178 [INFO] Targeted fetch for Match ID: 15013841
2026-01-06 03:43:43,070 [INFO] Captured DETAIL for 15013841 -> server/stats\15013841_detail.json
2026-01-06 03:43:43,892 [INFO] Captured STATS for 15013841 -> server/stats\15013841_stats.json
2026-01-06 03:43:55,911 [INFO] Periodic manual fetch for LIVE_LIST (TS: 1767667435)
2026-01-06 03:43:57,284 [INFO] Captured LIVE_LIST -> server/sofascore_live.json
2026-01-06 03:44:07,296 [INFO] [AUTO-STATS] Processing batch 1/1 (1 matches)
2026-01-06 03:44:13,303 [INFO] Periodic manual fetch for LIVE_LIST (TS: 1767667453)
2026-01-06 03:44:14,579 [INFO] Captured LIVE_LIST -> server/sofascore_live.json
2026-01-06 03:44:30,600 [INFO] Periodic manual fetch for LIVE_LIST (TS: 1767667470)
2026-01-06 03:44:32,822 [INFO] Captured LIVE_LIST -> server/sofascore_live.json
2026-01-06 03:44:38,841 [INFO] [AUTO-STATS] Processing batch 1/1 (1 matches)
2026-01-06 03:44:42,075 [INFO] Captured DETAIL for 15264895 -> server/stats\15264895_detail.json
2026-01-06 03:44:42,078 [WARNING] API Error for 15264895 (STATS), saving empty marker.
2026-01-06 03:44:48,105 [INFO] Periodic manual fetch for LIVE_LIST (TS: 1767667488)
2026-01-06 03:44:49,474 [INFO] Captured LIVE_LIST -> server/sofascore_live.json
2026-01-06 03:45:05,498 [INFO] Periodic manual fetch for LIVE_LIST (TS: 1767667505)
2026-01-06 03:45:06,920 [INFO] Captured LIVE_LIST -> server/sofascore_live.json
2026-01-06 03:45:10,929 [INFO] [AUTO-STATS] Processing batch 1/1 (1 matches)
2026-01-06 03:45:22,947 [INFO] Periodic manual fetch for LIVE_LIST (TS: 1767667522)
2026-01-06 03:45:24,337 [INFO] Captured LIVE_LIST -> server/sofascore_live.json
2026-01-06 03:45:40,364 [INFO] Periodic manual fetch for LIVE_LIST (TS: 1767667540)
2026-01-06 03:45:41,775 [INFO] Captured LIVE_LIST -> server/sofascore_live.json
2026-01-06 03:45:41,776 [INFO] [AUTO-STATS] Processing batch 1/1 (1 matches)
2026-01-06 03:45:57,799 [INFO] Periodic manual fetch for LIVE_LIST (TS: 1767667557)
2026-01-06 03:45:59,075 [INFO] Captured LIVE_LIST -> server/sofascore_live.json
2026-01-06 03:46:13,099 [INFO] [AUTO-STATS] Processing batch 1/1 (1 matches)
2026-01-06 03:46:16,326 [INFO] Captured DETAIL for 15264895 -> server/stats\15264895_detail.json
2026-01-06 03:46:16,329 [WARNING] API Error for 15264895 (STATS), saving empty marker.
2026-01-06 03:46:16,341 [INFO] Periodic manual fetch for LIVE_LIST (TS: 1767667576)
2026-01-06 03:46:17,735 [INFO] Captured LIVE_LIST -> server/sofascore_live.json
2026-01-06 03:46:31,754 [INFO] Processing queue: 1 matches
2026-01-06 03:46:31,754 [INFO] Targeted fetch for Match ID: 15013841
2026-01-06 03:46:35,659 [INFO] Captured DETAIL for 15013841 -> server/stats\15013841_detail.json
2026-01-06 03:46:36,100 [INFO] Captured STATS for 15013841 -> server/stats\15013841_stats.json
2026-01-06 03:46:36,102 [INFO] Periodic manual fetch for LIVE_LIST (TS: 1767667596)
2026-01-06 03:46:37,608 [INFO] Captured LIVE_LIST -> server/sofascore_live.json
2026-01-06 03:46:45,621 [INFO] [AUTO-STATS] Processing batch 1/1 (1 matches)
2026-01-06 03:46:53,633 [INFO] Periodic manual fetch for LIVE_LIST (TS: 1767667613)
2026-01-06 03:46:54,943 [INFO] Captured LIVE_LIST -> server/sofascore_live.json
2026-01-06 03:47:10,967 [INFO] Periodic manual fetch for LIVE_LIST (TS: 1767667630)
2026-01-06 03:47:12,341 [INFO] Captured LIVE_LIST -> server/sofascore_live.json
2026-01-06 03:47:16,347 [INFO] [AUTO-STATS] Processing batch 1/1 (1 matches)
2026-01-06 03:47:19,507 [INFO] Captured DETAIL for 15264895 -> server/stats\15264895_detail.json
2026-01-06 03:47:19,510 [WARNING] API Error for 15264895 (STATS), saving empty marker.
2026-01-06 03:47:27,529 [INFO] Periodic manual fetch for LIVE_LIST (TS: 1767667647)
2026-01-06 03:47:28,901 [INFO] Captured LIVE_LIST -> server/sofascore_live.json
2026-01-06 03:47:44,994 [INFO] Periodic manual fetch for LIVE_LIST (TS: 1767667664)
2026-01-06 03:47:46,447 [INFO] Captured LIVE_LIST -> server/sofascore_live.json
2026-01-06 03:47:46,447 [INFO] Safety net: Refreshing page...
2026-01-06 03:47:58,495 [INFO] [AUTO-STATS] Processing batch 1/1 (1 matches)
2026-01-06 03:48:00,979 [INFO] Captured DETAIL for 14025019 -> server/stats\14025019_detail.json
2026-01-06 03:48:01,502 [INFO] Captured DETAIL for 14025049 -> server/stats\14025049_detail.json
2026-01-06 03:48:01,932 [INFO] Captured DETAIL for 14025037 -> server/stats\14025037_detail.json
2026-01-06 03:48:02,367 [INFO] Captured DETAIL for 14025061 -> server/stats\14025061_detail.json
2026-01-06 03:48:02,804 [INFO] Captured DETAIL for 13981608 -> server/stats\13981608_detail.json
2026-01-06 03:48:02,807 [INFO] Periodic manual fetch for LIVE_LIST (TS: 1767667682)
2026-01-06 03:48:04,195 [INFO] Captured LIVE_LIST -> server/sofascore_live.json
2026-01-06 03:48:20,220 [INFO] Periodic manual fetch for LIVE_LIST (TS: 1767667700)
2026-01-06 03:48:29,022 [INFO] [AUTO-STATS] Processing batch 1/1 (1 matches)
2026-01-06 03:48:32,286 [INFO] Captured DETAIL for 15264895 -> server/stats\15264895_detail.json
2026-01-06 03:48:32,288 [WARNING] API Error for 15264895 (STATS), saving empty marker.
2026-01-06 03:48:32,300 [INFO] Processing queue: 1 matches
2026-01-06 03:48:32,300 [INFO] Targeted fetch for Match ID: 15013841
2026-01-06 03:48:36,095 [INFO] Captured DETAIL for 15013841 -> server/stats\15013841_detail.json
2026-01-06 03:48:36,644 [INFO] Captured STATS for 15013841 -> server/stats\15013841_stats.json
2026-01-06 03:48:40,649 [INFO] Periodic manual fetch for LIVE_LIST (TS: 1767667720)
2026-01-06 03:48:41,913 [INFO] Captured LIVE_LIST -> server/sofascore_live.json
2026-01-06 03:48:57,942 [INFO] Periodic manual fetch for LIVE_LIST (TS: 1767667737)
2026-01-06 03:48:59,326 [INFO] Captured LIVE_LIST -> server/sofascore_live.json
2026-01-06 03:49:01,330 [INFO] [AUTO-STATS] Processing batch 1/1 (1 matches)
2026-01-06 03:49:15,350 [INFO] Periodic manual fetch for LIVE_LIST (TS: 1767667755)
2026-01-06 03:49:16,752 [INFO] Captured LIVE_LIST -> server/sofascore_live.json
2026-01-06 03:49:32,776 [INFO] Periodic manual fetch for LIVE_LIST (TS: 1767667772)
2026-01-06 03:49:34,184 [INFO] Captured LIVE_LIST -> server/sofascore_live.json
2026-01-06 03:49:34,184 [INFO] [AUTO-STATS] Processing batch 1/1 (1 matches)
2026-01-06 03:49:37,426 [INFO] Captured DETAIL for 15264895 -> server/stats\15264895_detail.json
2026-01-06 03:49:37,428 [WARNING] API Error for 15264895 (STATS), saving empty marker.
2026-01-06 03:49:49,464 [INFO] Periodic manual fetch for LIVE_LIST (TS: 1767667789)
2026-01-06 03:49:50,745 [INFO] Captured LIVE_LIST -> server/sofascore_live.json
2026-01-06 03:50:06,766 [INFO] Periodic manual fetch for LIVE_LIST (TS: 1767667806)
2026-01-06 03:50:08,155 [INFO] Captured LIVE_LIST -> server/sofascore_live.json
2026-01-06 03:50:08,155 [INFO] [AUTO-STATS] Processing batch 1/1 (1 matches)
2026-01-06 03:50:24,182 [INFO] Periodic manual fetch for LIVE_LIST (TS: 1767667824)
2026-01-06 03:50:25,547 [INFO] Captured LIVE_LIST -> server/sofascore_live.json
2026-01-06 03:50:31,560 [INFO] Processing queue: 1 matches
2026-01-06 03:50:31,560 [INFO] Targeted fetch for Match ID: 15013841
2026-01-06 03:50:35,541 [INFO] Captured DETAIL for 15013841 -> server/stats\15013841_detail.json
2026-01-06 03:50:36,191 [INFO] Captured STATS for 15013841 -> server/stats\15013841_stats.json
2026-01-06 03:50:38,195 [INFO] [AUTO-STATS] Processing batch 1/1 (1 matches)
2026-01-06 03:50:41,429 [INFO] Captured DETAIL for 15264895 -> server/stats\15264895_detail.json
2026-01-06 03:50:41,432 [WARNING] API Error for 15264895 (STATS), saving empty marker.
2026-01-06 03:50:41,441 [INFO] Periodic manual fetch for LIVE_LIST (TS: 1767667841)
2026-01-06 03:50:42,826 [INFO] Captured LIVE_LIST -> server/sofascore_live.json
2026-01-06 03:50:58,857 [INFO] Periodic manual fetch for LIVE_LIST (TS: 1767667858)
2026-01-06 03:51:00,194 [INFO] Captured LIVE_LIST -> server/sofascore_live.json
2026-01-06 03:51:10,211 [INFO] [AUTO-STATS] Processing batch 1/1 (1 matches)
2026-01-06 03:51:16,219 [INFO] Periodic manual fetch for LIVE_LIST (TS: 1767667876)
2026-01-06 03:51:17,578 [INFO] Captured LIVE_LIST -> server/sofascore_live.json
2026-01-06 03:51:33,604 [INFO] Periodic manual fetch for LIVE_LIST (TS: 1767667893)
2026-01-06 03:51:35,006 [INFO] Captured LIVE_LIST -> server/sofascore_live.json
2026-01-06 03:51:41,018 [INFO] [AUTO-STATS] Processing batch 1/1 (1 matches)
2026-01-06 03:51:51,038 [INFO] Periodic manual fetch for LIVE_LIST (TS: 1767667911)
2026-01-06 03:51:52,388 [INFO] Captured LIVE_LIST -> server/sofascore_live.json
2026-01-06 03:52:08,413 [INFO] Periodic manual fetch for LIVE_LIST (TS: 1767667928)
2026-01-06 03:52:10,123 [INFO] Captured LIVE_LIST -> server/sofascore_live.json
2026-01-06 03:52:12,126 [INFO] [AUTO-STATS] Processing batch 1/1 (1 matches)
2026-01-06 03:52:15,306 [INFO] Captured DETAIL for 15264895 -> server/stats\15264895_detail.json
2026-01-06 03:52:15,309 [WARNING] API Error for 15264895 (STATS), saving empty marker.
2026-01-06 03:52:25,327 [INFO] Periodic manual fetch for LIVE_LIST (TS: 1767667945)
2026-01-06 03:52:26,705 [INFO] Captured LIVE_LIST -> server/sofascore_live.json
2026-01-06 03:52:42,751 [INFO] Periodic manual fetch for LIVE_LIST (TS: 1767667962)
2026-01-06 03:52:44,105 [INFO] Captured LIVE_LIST -> server/sofascore_live.json
2026-01-06 03:52:44,105 [INFO] [AUTO-STATS] Processing batch 1/1 (1 matches)
2026-01-06 03:53:00,134 [INFO] Periodic manual fetch for LIVE_LIST (TS: 1767667980)
2026-01-06 03:53:01,514 [INFO] Captured LIVE_LIST -> server/sofascore_live.json
2026-01-06 03:53:11,528 [INFO] Processing queue: 1 matches
2026-01-06 03:53:11,529 [INFO] Targeted fetch for Match ID: 15013841
2026-01-06 03:53:15,423 [INFO] Captured DETAIL for 15013841 -> server/stats\15013841_detail.json
2026-01-06 03:53:16,158 [INFO] Captured STATS for 15013841 -> server/stats\15013841_stats.json
2026-01-06 03:53:16,159 [INFO] [AUTO-STATS] Processing batch 1/1 (1 matches)
2026-01-06 03:53:19,373 [INFO] Captured DETAIL for 15264895 -> server/stats\15264895_detail.json
2026-01-06 03:53:19,375 [WARNING] API Error for 15264895 (STATS), saving empty marker.
2026-01-06 03:53:19,386 [INFO] Periodic manual fetch for LIVE_LIST (TS: 1767667999)
2026-01-06 03:53:20,775 [INFO] Captured LIVE_LIST -> server/sofascore_live.json
2026-01-06 03:53:36,795 [INFO] Periodic manual fetch for LIVE_LIST (TS: 1767668016)
2026-01-06 03:53:38,161 [INFO] Captured LIVE_LIST -> server/sofascore_live.json
2026-01-06 03:53:48,190 [INFO] [AUTO-STATS] Processing batch 1/1 (1 matches)
2026-01-06 03:53:54,202 [INFO] Periodic manual fetch for LIVE_LIST (TS: 1767668034)
2026-01-06 03:53:55,858 [INFO] Captured LIVE_LIST -> server/sofascore_live.json
2026-01-06 03:54:11,882 [INFO] Periodic manual fetch for LIVE_LIST (TS: 1767668051)
2026-01-06 03:54:13,297 [INFO] Captured LIVE_LIST -> server/sofascore_live.json
2026-01-06 03:54:19,303 [INFO] [AUTO-STATS] Processing batch 1/1 (1 matches)
2026-01-06 03:54:29,316 [INFO] Periodic manual fetch for LIVE_LIST (TS: 1767668069)
2026-01-06 03:54:30,719 [INFO] Captured LIVE_LIST -> server/sofascore_live.json
2026-01-06 03:54:46,737 [INFO] Periodic manual fetch for LIVE_LIST (TS: 1767668086)
2026-01-06 03:54:48,112 [INFO] Captured LIVE_LIST -> server/sofascore_live.json
2026-01-06 03:54:50,132 [INFO] [AUTO-STATS] Processing batch 1/1 (1 matches)
2026-01-06 03:54:53,558 [INFO] Captured DETAIL for 15264895 -> server/stats\15264895_detail.json
2026-01-06 03:54:53,562 [WARNING] API Error for 15264895 (STATS), saving empty marker.
2026-01-06 03:55:03,635 [INFO] Periodic manual fetch for LIVE_LIST (TS: 1767668103)
2026-01-06 03:55:05,013 [INFO] Captured LIVE_LIST -> server/sofascore_live.json
2026-01-06 03:55:11,021 [INFO] Processing queue: 1 matches
2026-01-06 03:55:11,021 [INFO] Targeted fetch for Match ID: 15013841
2026-01-06 03:55:14,968 [INFO] Captured DETAIL for 15013841 -> server/stats\15013841_detail.json
2026-01-06 03:55:15,506 [INFO] Captured STATS for 15013841 -> server/stats\15013841_stats.json
2026-01-06 03:55:21,514 [INFO] Periodic manual fetch for LIVE_LIST (TS: 1767668121)
2026-01-06 03:55:22,914 [INFO] Captured LIVE_LIST -> server/sofascore_live.json
2026-01-06 03:55:22,914 [INFO] [AUTO-STATS] Processing batch 1/1 (1 matches)
2026-01-06 03:55:38,934 [INFO] Periodic manual fetch for LIVE_LIST (TS: 1767668138)
2026-01-06 03:55:40,258 [INFO] Captured LIVE_LIST -> server/sofascore_live.json
2026-01-06 03:55:54,313 [INFO] [AUTO-STATS] Processing batch 1/1 (1 matches)
2026-01-06 03:55:58,573 [INFO] Captured DETAIL for 15264895 -> server/stats\15264895_detail.json
2026-01-06 03:55:58,576 [WARNING] API Error for 15264895 (STATS), saving empty marker.
2026-01-06 03:55:58,614 [INFO] Periodic manual fetch for LIVE_LIST (TS: 1767668158)
2026-01-06 03:56:00,295 [INFO] Captured LIVE_LIST -> server/sofascore_live.json
2026-01-06 03:56:16,318 [INFO] Periodic manual fetch for LIVE_LIST (TS: 1767668176)
2026-01-06 03:56:17,707 [INFO] Captured LIVE_LIST -> server/sofascore_live.json
2026-01-06 03:56:25,719 [INFO] [AUTO-STATS] Processing batch 1/1 (1 matches)
2026-01-06 03:56:33,731 [INFO] Periodic manual fetch for LIVE_LIST (TS: 1767668193)
2026-01-06 03:56:34,975 [INFO] Captured LIVE_LIST -> server/sofascore_live.json
2026-01-06 03:56:51,000 [INFO] Periodic manual fetch for LIVE_LIST (TS: 1767668211)
2026-01-06 03:56:52,326 [INFO] Captured LIVE_LIST -> server/sofascore_live.json
2026-01-06 03:56:56,331 [INFO] [AUTO-STATS] Processing batch 1/1 (1 matches)
2026-01-06 03:57:08,346 [INFO] Periodic manual fetch for LIVE_LIST (TS: 1767668228)
2026-01-06 03:57:09,714 [INFO] Captured LIVE_LIST -> server/sofascore_live.json
2026-01-06 03:57:11,719 [INFO] Processing queue: 1 matches
2026-01-06 03:57:11,720 [INFO] Targeted fetch for Match ID: 15013841
2026-01-06 03:57:15,593 [INFO] Captured DETAIL for 15013841 -> server/stats\15013841_detail.json
2026-01-06 03:57:16,370 [INFO] Captured STATS for 15013841 -> server/stats\15013841_stats.json
2026-01-06 03:57:26,383 [INFO] Periodic manual fetch for LIVE_LIST (TS: 1767668246)
2026-01-06 03:57:27,769 [INFO] Captured LIVE_LIST -> server/sofascore_live.json
2026-01-06 03:57:27,769 [INFO] [AUTO-STATS] Processing batch 1/1 (1 matches)
2026-01-06 03:57:30,941 [INFO] Captured DETAIL for 15264895 -> server/stats\15264895_detail.json
2026-01-06 03:57:30,945 [WARNING] API Error for 15264895 (STATS), saving empty marker.
2026-01-06 03:57:42,972 [INFO] Periodic manual fetch for LIVE_LIST (TS: 1767668262)
2026-01-06 03:57:44,399 [INFO] Captured LIVE_LIST -> server/sofascore_live.json
2026-01-06 03:58:00,430 [INFO] Periodic manual fetch for LIVE_LIST (TS: 1767668280)
2026-01-06 03:58:01,927 [INFO] Captured LIVE_LIST -> server/sofascore_live.json
2026-01-06 03:58:01,927 [INFO] Safety net: Refreshing page...
2026-01-06 03:58:13,790 [INFO] [AUTO-STATS] Processing batch 1/1 (1 matches)
2026-01-06 03:58:16,464 [INFO] Captured DETAIL for 14025049 -> server/stats\14025049_detail.json
2026-01-06 03:58:16,905 [INFO] Captured DETAIL for 14025061 -> server/stats\14025061_detail.json
2026-01-06 03:58:17,317 [INFO] Captured DETAIL for 14025019 -> server/stats\14025019_detail.json
2026-01-06 03:58:17,848 [INFO] Captured DETAIL for 13981608 -> server/stats\13981608_detail.json
2026-01-06 03:58:18,265 [INFO] Captured DETAIL for 14025037 -> server/stats\14025037_detail.json
2026-01-06 03:58:18,268 [INFO] Periodic manual fetch for LIVE_LIST (TS: 1767668298)
2026-01-06 03:58:35,694 [INFO] Periodic manual fetch for LIVE_LIST (TS: 1767668315)
2026-01-06 03:58:36,966 [INFO] Captured LIVE_LIST -> server/sofascore_live.json
2026-01-06 03:58:44,989 [INFO] [AUTO-STATS] Processing batch 1/1 (1 matches)
2026-01-06 03:58:48,246 [INFO] Captured DETAIL for 15264895 -> server/stats\15264895_detail.json
2026-01-06 03:58:48,249 [WARNING] API Error for 15264895 (STATS), saving empty marker.
2026-01-06 03:58:52,268 [INFO] Periodic manual fetch for LIVE_LIST (TS: 1767668332)
2026-01-06 03:58:53,604 [INFO] Captured LIVE_LIST -> server/sofascore_live.json
2026-01-06 03:59:09,634 [INFO] Periodic manual fetch for LIVE_LIST (TS: 1767668349)
2026-01-06 03:59:10,970 [INFO] Captured LIVE_LIST -> server/sofascore_live.json
2026-01-06 03:59:16,980 [INFO] [AUTO-STATS] Processing batch 1/1 (1 matches)
2026-01-06 03:59:26,992 [INFO] Periodic manual fetch for LIVE_LIST (TS: 1767668366)
2026-01-06 03:59:28,316 [INFO] Captured LIVE_LIST -> server/sofascore_live.json
2026-01-06 03:59:32,321 [INFO] Processing queue: 1 matches
2026-01-06 03:59:32,322 [INFO] Targeted fetch for Match ID: 15013841
2026-01-06 03:59:36,177 [INFO] Captured DETAIL for 15013841 -> server/stats\15013841_detail.json
2026-01-06 03:59:36,827 [INFO] Captured STATS for 15013841 -> server/stats\15013841_stats.json
2026-01-06 03:59:44,839 [INFO] Periodic manual fetch for LIVE_LIST (TS: 1767668384)
2026-01-06 03:59:46,173 [INFO] Captured LIVE_LIST -> server/sofascore_live.json
2026-01-06 03:59:48,176 [INFO] [AUTO-STATS] Processing batch 1/1 (1 matches)
2026-01-06 04:00:02,192 [INFO] Periodic manual fetch for LIVE_LIST (TS: 1767668402)
2026-01-06 04:00:03,572 [INFO] Captured LIVE_LIST -> server/sofascore_live.json
2026-01-06 04:00:19,591 [INFO] Periodic manual fetch for LIVE_LIST (TS: 1767668419)
2026-01-06 04:00:20,968 [INFO] Captured LIVE_LIST -> server/sofascore_live.json
2026-01-06 04:00:20,968 [INFO] [AUTO-STATS] Processing batch 1/1 (1 matches)
2026-01-06 04:00:24,177 [INFO] Captured DETAIL for 15264895 -> server/stats\15264895_detail.json
2026-01-06 04:00:24,180 [WARNING] API Error for 15264895 (STATS), saving empty marker.
2026-01-06 04:00:36,200 [INFO] Periodic manual fetch for LIVE_LIST (TS: 1767668436)
2026-01-06 04:00:37,489 [INFO] Captured LIVE_LIST -> server/sofascore_live.json
2026-01-06 04:00:53,511 [INFO] Periodic manual fetch for LIVE_LIST (TS: 1767668453)
2026-01-06 04:00:54,852 [INFO] Captured LIVE_LIST -> server/sofascore_live.json
2026-01-06 04:00:54,853 [INFO] [AUTO-STATS] Processing batch 1/1 (1 matches)
2026-01-06 04:01:10,877 [INFO] Periodic manual fetch for LIVE_LIST (TS: 1767668470)
2026-01-06 04:01:12,258 [INFO] Captured LIVE_LIST -> server/sofascore_live.json
2026-01-06 04:01:26,274 [INFO] [AUTO-STATS] Processing batch 1/1 (1 matches)
2026-01-06 04:01:29,445 [INFO] Captured DETAIL for 15264895 -> server/stats\15264895_detail.json
2026-01-06 04:01:29,447 [WARNING] API Error for 15264895 (STATS), saving empty marker.
2026-01-06 04:01:29,455 [INFO] Periodic manual fetch for LIVE_LIST (TS: 1767668489)
2026-01-06 04:01:30,836 [INFO] Captured LIVE_LIST -> server/sofascore_live.json
2026-01-06 04:01:30,837 [INFO] Processing queue: 1 matches
2026-01-06 04:01:30,837 [INFO] Targeted fetch for Match ID: 15013841
2026-01-06 04:01:34,760 [INFO] Captured DETAIL for 15013841 -> server/stats\15013841_detail.json
2026-01-06 04:01:35,400 [INFO] Captured STATS for 15013841 -> server/stats\15013841_stats.json
2026-01-06 04:01:47,416 [INFO] Periodic manual fetch for LIVE_LIST (TS: 1767668507)
2026-01-06 04:01:48,689 [INFO] Captured LIVE_LIST -> server/sofascore_live.json
2026-01-06 04:01:58,700 [INFO] [AUTO-STATS] Processing batch 1/1 (1 matches)
2026-01-06 04:02:04,715 [INFO] Periodic manual fetch for LIVE_LIST (TS: 1767668524)
2026-01-06 04:02:06,075 [INFO] Captured LIVE_LIST -> server/sofascore_live.json
2026-01-06 04:02:22,094 [INFO] Periodic manual fetch for LIVE_LIST (TS: 1767668542)
2026-01-06 04:02:23,495 [INFO] Captured LIVE_LIST -> server/sofascore_live.json
2026-01-06 04:02:29,503 [INFO] [AUTO-STATS] Processing batch 1/1 (1 matches)
2026-01-06 04:02:32,654 [INFO] Captured DETAIL for 15264895 -> server/stats\15264895_detail.json
2026-01-06 04:02:32,656 [WARNING] API Error for 15264895 (STATS), saving empty marker.
2026-01-06 04:02:38,675 [INFO] Periodic manual fetch for LIVE_LIST (TS: 1767668558)
2026-01-06 04:02:39,957 [INFO] Captured LIVE_LIST -> server/sofascore_live.json
2026-01-06 04:02:55,977 [INFO] Periodic manual fetch for LIVE_LIST (TS: 1767668575)
2026-01-06 04:02:57,359 [INFO] Captured LIVE_LIST -> server/sofascore_live.json
2026-01-06 04:03:01,365 [INFO] [AUTO-STATS] Processing batch 1/1 (1 matches)
2026-01-06 04:03:13,419 [INFO] Periodic manual fetch for LIVE_LIST (TS: 1767668593)
2026-01-06 04:03:14,876 [INFO] Captured LIVE_LIST -> server/sofascore_live.json
2026-01-06 04:03:30,893 [INFO] Periodic manual fetch for LIVE_LIST (TS: 1767668610)
2026-01-06 04:03:32,305 [INFO] Captured LIVE_LIST -> server/sofascore_live.json
2026-01-06 04:03:32,305 [INFO] [AUTO-STATS] Processing batch 1/1 (1 matches)
2026-01-06 04:03:32,306 [INFO] Processing queue: 1 matches
2026-01-06 04:03:32,306 [INFO] Targeted fetch for Match ID: 15013841
2026-01-06 04:03:36,208 [INFO] Captured DETAIL for 15013841 -> server/stats\15013841_detail.json
2026-01-06 04:03:36,840 [INFO] Captured STATS for 15013841 -> server/stats\15013841_stats.json
2026-01-06 04:03:48,854 [INFO] Periodic manual fetch for LIVE_LIST (TS: 1767668628)
2026-01-06 04:03:50,227 [INFO] Captured LIVE_LIST -> server/sofascore_live.json
2026-01-06 04:04:04,251 [INFO] [AUTO-STATS] Processing batch 1/1 (1 matches)
2026-01-06 04:04:07,418 [INFO] Captured DETAIL for 15264895 -> server/stats\15264895_detail.json
2026-01-06 04:04:07,420 [WARNING] API Error for 15264895 (STATS), saving empty marker.
2026-01-06 04:04:07,430 [INFO] Periodic manual fetch for LIVE_LIST (TS: 1767668647)
2026-01-06 04:04:08,688 [INFO] Captured LIVE_LIST -> server/sofascore_live.json
2026-01-06 04:04:24,709 [INFO] Periodic manual fetch for LIVE_LIST (TS: 1767668664)
2026-01-06 04:04:26,092 [INFO] Captured LIVE_LIST -> server/sofascore_live.json
2026-01-06 04:04:36,104 [INFO] [AUTO-STATS] Processing batch 1/1 (1 matches)
2026-01-06 04:04:42,110 [INFO] Periodic manual fetch for LIVE_LIST (TS: 1767668682)
2026-01-06 04:04:43,500 [INFO] Captured LIVE_LIST -> server/sofascore_live.json
2026-01-06 04:04:59,519 [INFO] Periodic manual fetch for LIVE_LIST (TS: 1767668699)
2026-01-06 04:05:00,912 [INFO] Captured LIVE_LIST -> server/sofascore_live.json
2026-01-06 04:05:06,928 [INFO] [AUTO-STATS] Processing batch 1/1 (1 matches)
2026-01-06 04:05:16,940 [INFO] Periodic manual fetch for LIVE_LIST (TS: 1767668716)
2026-01-06 04:05:19,147 [INFO] Captured LIVE_LIST -> server/sofascore_live.json
2026-01-06 04:05:35,169 [INFO] Periodic manual fetch for LIVE_LIST (TS: 1767668735)
2026-01-06 04:05:36,593 [INFO] Captured LIVE_LIST -> server/sofascore_live.json
2026-01-06 04:05:38,597 [INFO] [AUTO-STATS] Processing batch 1/1 (1 matches)
2026-01-06 04:05:41,787 [INFO] Captured DETAIL for 15264895 -> server/stats\15264895_detail.json
2026-01-06 04:05:41,789 [WARNING] API Error for 15264895 (STATS), saving empty marker.
2026-01-06 04:05:51,813 [INFO] Periodic manual fetch for LIVE_LIST (TS: 1767668751)
2026-01-06 04:05:53,257 [INFO] Captured LIVE_LIST -> server/sofascore_live.json
2026-01-06 04:06:09,280 [INFO] Periodic manual fetch for LIVE_LIST (TS: 1767668769)
2026-01-06 04:06:10,665 [INFO] Captured LIVE_LIST -> server/sofascore_live.json
2026-01-06 04:06:10,666 [INFO] [AUTO-STATS] Processing batch 1/1 (1 matches)
2026-01-06 04:06:26,687 [INFO] Periodic manual fetch for LIVE_LIST (TS: 1767668786)
2026-01-06 04:06:28,065 [INFO] Captured LIVE_LIST -> server/sofascore_live.json
2026-01-06 04:06:42,082 [INFO] [AUTO-STATS] Processing batch 1/1 (1 matches)
2026-01-06 04:06:45,602 [INFO] Captured DETAIL for 15264895 -> server/stats\15264895_detail.json
2026-01-06 04:06:45,605 [WARNING] API Error for 15264895 (STATS), saving empty marker.
2026-01-06 04:06:45,627 [INFO] Periodic manual fetch for LIVE_LIST (TS: 1767668805)
2026-01-06 04:06:47,299 [INFO] Captured LIVE_LIST -> server/sofascore_live.json
2026-01-06 04:07:03,317 [INFO] Periodic manual fetch for LIVE_LIST (TS: 1767668823)
2026-01-06 04:07:04,702 [INFO] Captured LIVE_LIST -> server/sofascore_live.json
2026-01-06 04:07:14,716 [INFO] [AUTO-STATS] Processing batch 1/1 (1 matches)
2026-01-06 04:07:20,722 [INFO] Periodic manual fetch for LIVE_LIST (TS: 1767668840)
2026-01-06 04:07:22,137 [INFO] Captured LIVE_LIST -> server/sofascore_live.json
2026-01-06 04:07:38,168 [INFO] Periodic manual fetch for LIVE_LIST (TS: 1767668858)
2026-01-06 04:07:39,530 [INFO] Captured LIVE_LIST -> server/sofascore_live.json
2026-01-06 04:07:45,538 [INFO] [AUTO-STATS] Processing batch 1/1 (1 matches)
2026-01-06 04:07:55,552 [INFO] Periodic manual fetch for LIVE_LIST (TS: 1767668875)
2026-01-06 04:07:56,965 [INFO] Captured LIVE_LIST -> server/sofascore_live.json
2026-01-06 04:08:12,989 [INFO] Periodic manual fetch for LIVE_LIST (TS: 1767668892)
2026-01-06 04:08:14,329 [INFO] Captured LIVE_LIST -> server/sofascore_live.json
2026-01-06 04:08:14,329 [INFO] Safety net: Refreshing page...
2026-01-06 04:08:26,215 [INFO] [AUTO-STATS] Processing batch 1/1 (1 matches)
2026-01-06 04:08:29,493 [INFO] Captured DETAIL for 13981608 -> server/stats\13981608_detail.json
2026-01-06 04:08:29,936 [INFO] Captured DETAIL for 14025037 -> server/stats\14025037_detail.json
2026-01-06 04:08:30,367 [INFO] Captured DETAIL for 14025019 -> server/stats\14025019_detail.json
2026-01-06 04:08:30,706 [INFO] Captured DETAIL for 14025049 -> server/stats\14025049_detail.json
2026-01-06 04:08:31,453 [INFO] Captured DETAIL for 14025061 -> server/stats\14025061_detail.json
2026-01-06 04:08:31,886 [INFO] Captured DETAIL for 15264895 -> server/stats\15264895_detail.json
2026-01-06 04:08:31,888 [WARNING] API Error for 15264895 (STATS), saving empty marker.
2026-01-06 04:08:31,905 [INFO] Periodic manual fetch for LIVE_LIST (TS: 1767668911)
2026-01-06 04:08:33,312 [INFO] Captured LIVE_LIST -> server/sofascore_live.json
2026-01-06 04:08:49,333 [INFO] Periodic manual fetch for LIVE_LIST (TS: 1767668929)
2026-01-06 04:08:50,673 [INFO] Captured LIVE_LIST -> server/sofascore_live.json
2026-01-06 04:08:58,682 [INFO] [AUTO-STATS] Processing batch 1/1 (1 matches)
2026-01-06 04:09:06,690 [INFO] Periodic manual fetch for LIVE_LIST (TS: 1767668946)
2026-01-06 04:09:08,029 [INFO] Captured LIVE_LIST -> server/sofascore_live.json
2026-01-06 04:09:24,050 [INFO] Periodic manual fetch for LIVE_LIST (TS: 1767668964)
2026-01-06 04:09:25,477 [INFO] Captured LIVE_LIST -> server/sofascore_live.json
2026-01-06 04:09:29,484 [INFO] [AUTO-STATS] Processing batch 1/1 (1 matches)
2026-01-06 04:09:41,559 [INFO] Periodic manual fetch for LIVE_LIST (TS: 1767668981)
2026-01-06 04:09:42,982 [INFO] Captured LIVE_LIST -> server/sofascore_live.json
2026-01-06 04:09:59,005 [INFO] Periodic manual fetch for LIVE_LIST (TS: 1767668999)
2026-01-06 04:10:00,295 [INFO] Captured LIVE_LIST -> server/sofascore_live.json
2026-01-06 04:10:00,295 [INFO] [AUTO-STATS] Processing batch 1/1 (1 matches)
2026-01-06 04:10:03,485 [INFO] Captured DETAIL for 15264895 -> server/stats\15264895_detail.json
2026-01-06 04:10:03,487 [WARNING] API Error for 15264895 (STATS), saving empty marker.
2026-01-06 04:10:15,516 [INFO] Periodic manual fetch for LIVE_LIST (TS: 1767669015)
2026-01-06 04:10:17,023 [INFO] Captured LIVE_LIST -> server/sofascore_live.json
2026-01-06 04:10:33,043 [INFO] Periodic manual fetch for LIVE_LIST (TS: 1767669033)
2026-01-06 04:10:34,396 [INFO] Captured LIVE_LIST -> server/sofascore_live.json
2026-01-06 04:10:34,396 [INFO] [AUTO-STATS] Processing batch 1/1 (1 matches)
2026-01-06 04:10:34,397 [INFO] Processing queue: 1 matches
2026-01-06 04:10:34,397 [INFO] Targeted fetch for Match ID: 15013841
2026-01-06 04:10:38,285 [INFO] Captured DETAIL for 15013841 -> server/stats\15013841_detail.json
2026-01-06 04:10:38,950 [INFO] Captured STATS for 15013841 -> server/stats\15013841_stats.json
2026-01-06 04:10:50,966 [INFO] Periodic manual fetch for LIVE_LIST (TS: 1767669050)
2026-01-06 04:10:52,380 [INFO] Captured LIVE_LIST -> server/sofascore_live.json
2026-01-06 04:11:06,397 [INFO] [AUTO-STATS] Processing batch 1/1 (1 matches)
2026-01-06 04:11:09,632 [INFO] Captured DETAIL for 15264895 -> server/stats\15264895_detail.json
2026-01-06 04:11:09,634 [WARNING] API Error for 15264895 (STATS), saving empty marker.
2026-01-06 04:11:09,652 [INFO] Periodic manual fetch for LIVE_LIST (TS: 1767669069)
2026-01-06 04:11:11,000 [INFO] Captured LIVE_LIST -> server/sofascore_live.json
2026-01-06 04:11:27,025 [INFO] Periodic manual fetch for LIVE_LIST (TS: 1767669087)
2026-01-06 04:11:28,547 [INFO] Captured LIVE_LIST -> server/sofascore_live.json
2026-01-06 04:11:38,559 [INFO] [AUTO-STATS] Processing batch 1/1 (1 matches)
2026-01-06 04:11:44,565 [INFO] Periodic manual fetch for LIVE_LIST (TS: 1767669104)
2026-01-06 04:11:45,894 [INFO] Captured LIVE_LIST -> server/sofascore_live.json
2026-01-06 04:12:01,913 [INFO] Periodic manual fetch for LIVE_LIST (TS: 1767669121)
2026-01-06 04:12:03,829 [INFO] Captured LIVE_LIST -> server/sofascore_live.json
2026-01-06 04:12:09,836 [INFO] [AUTO-STATS] Processing batch 1/1 (1 matches)
2026-01-06 04:12:13,171 [INFO] Captured DETAIL for 15264895 -> server/stats\15264895_detail.json
2026-01-06 04:12:13,173 [WARNING] API Error for 15264895 (STATS), saving empty marker.
2026-01-06 04:12:19,202 [INFO] Periodic manual fetch for LIVE_LIST (TS: 1767669139)
2026-01-06 04:12:20,589 [INFO] Captured LIVE_LIST -> server/sofascore_live.json
2026-01-06 04:12:32,602 [INFO] Processing queue: 1 matches
2026-01-06 04:12:32,602 [INFO] Targeted fetch for Match ID: 15013841
2026-01-06 04:12:36,463 [INFO] Captured DETAIL for 15013841 -> server/stats\15013841_detail.json
2026-01-06 04:12:37,117 [INFO] Captured STATS for 15013841 -> server/stats\15013841_stats.json
2026-01-06 04:12:37,117 [INFO] Periodic manual fetch for LIVE_LIST (TS: 1767669157)
2026-01-06 04:12:38,527 [INFO] Captured LIVE_LIST -> server/sofascore_live.json
2026-01-06 04:12:42,532 [INFO] [AUTO-STATS] Processing batch 1/1 (1 matches)
2026-01-06 04:12:54,546 [INFO] Periodic manual fetch for LIVE_LIST (TS: 1767669174)
2026-01-06 04:12:55,939 [INFO] Captured LIVE_LIST -> server/sofascore_live.json
2026-01-06 04:13:11,958 [INFO] Periodic manual fetch for LIVE_LIST (TS: 1767669191)
2026-01-06 04:13:13,307 [INFO] Captured LIVE_LIST -> server/sofascore_live.json
2026-01-06 04:13:13,307 [INFO] [AUTO-STATS] Processing batch 1/1 (1 matches)
2026-01-06 04:13:16,455 [INFO] Captured DETAIL for 15264895 -> server/stats\15264895_detail.json
2026-01-06 04:13:16,459 [WARNING] API Error for 15264895 (STATS), saving empty marker.
2026-01-06 04:13:28,485 [INFO] Periodic manual fetch for LIVE_LIST (TS: 1767669208)
2026-01-06 04:13:29,824 [INFO] Captured LIVE_LIST -> server/sofascore_live.json
2026-01-06 04:13:45,844 [INFO] Periodic manual fetch for LIVE_LIST (TS: 1767669225)
2026-01-06 04:13:47,220 [INFO] Captured LIVE_LIST -> server/sofascore_live.json
2026-01-06 04:13:47,221 [INFO] [AUTO-STATS] Processing batch 1/1 (1 matches)
2026-01-06 04:14:03,236 [INFO] Periodic manual fetch for LIVE_LIST (TS: 1767669243)
2026-01-06 04:14:04,541 [INFO] Captured LIVE_LIST -> server/sofascore_live.json
2026-01-06 04:14:18,562 [INFO] [AUTO-STATS] Processing batch 1/1 (1 matches)
2026-01-06 04:14:21,782 [INFO] Captured DETAIL for 15264895 -> server/stats\15264895_detail.json
2026-01-06 04:14:21,784 [WARNING] API Error for 15264895 (STATS), saving empty marker.
2026-01-06 04:14:21,797 [INFO] Periodic manual fetch for LIVE_LIST (TS: 1767669261)
2026-01-06 04:14:23,408 [INFO] Captured LIVE_LIST -> server/sofascore_live.json
2026-01-06 04:14:31,418 [INFO] Processing queue: 1 matches
2026-01-06 04:14:31,418 [INFO] Targeted fetch for Match ID: 15013841
2026-01-06 04:14:35,346 [INFO] Captured DETAIL for 15013841 -> server/stats\15013841_detail.json
2026-01-06 04:14:35,862 [INFO] Captured STATS for 15013841 -> server/stats\15013841_stats.json
2026-01-06 04:14:39,867 [INFO] Periodic manual fetch for LIVE_LIST (TS: 1767669279)
2026-01-06 04:14:41,158 [INFO] Captured LIVE_LIST -> server/sofascore_live.json
2026-01-06 04:14:51,170 [INFO] [AUTO-STATS] Processing batch 1/1 (1 matches)
2026-01-06 04:14:57,177 [INFO] Periodic manual fetch for LIVE_LIST (TS: 1767669297)
2026-01-06 04:14:58,590 [INFO] Captured LIVE_LIST -> server/sofascore_live.json
2026-01-06 04:15:14,611 [INFO] Periodic manual fetch for LIVE_LIST (TS: 1767669314)
2026-01-06 04:15:16,015 [INFO] Captured LIVE_LIST -> server/sofascore_live.json
2026-01-06 04:15:22,029 [INFO] [AUTO-STATS] Processing batch 1/1 (1 matches)
2026-01-06 04:15:25,332 [INFO] Captured DETAIL for 15264895 -> server/stats\15264895_detail.json
2026-01-06 04:15:25,334 [WARNING] API Error for 15264895 (STATS), saving empty marker.
2026-01-06 04:15:31,355 [INFO] Periodic manual fetch for LIVE_LIST (TS: 1767669331)
2026-01-06 04:15:32,709 [INFO] Captured LIVE_LIST -> server/sofascore_live.json
2026-01-06 04:15:48,728 [INFO] Periodic manual fetch for LIVE_LIST (TS: 1767669348)
2026-01-06 04:15:50,821 [INFO] Captured LIVE_LIST -> server/sofascore_live.json
2026-01-06 04:15:54,826 [INFO] [AUTO-STATS] Processing batch 1/1 (1 matches)
2026-01-06 04:16:06,838 [INFO] Periodic manual fetch for LIVE_LIST (TS: 1767669366)
2026-01-06 04:16:08,195 [INFO] Captured LIVE_LIST -> server/sofascore_live.json
2026-01-06 04:16:24,218 [INFO] Periodic manual fetch for LIVE_LIST (TS: 1767669384)
2026-01-06 04:16:25,657 [INFO] Captured LIVE_LIST -> server/sofascore_live.json
2026-01-06 04:16:25,658 [INFO] [AUTO-STATS] Processing batch 1/1 (1 matches)
2026-01-06 04:16:28,904 [INFO] Captured DETAIL for 15264895 -> server/stats\15264895_detail.json
2026-01-06 04:16:28,906 [WARNING] API Error for 15264895 (STATS), saving empty marker.
2026-01-06 04:16:40,941 [INFO] Periodic manual fetch for LIVE_LIST (TS: 1767669400)
2026-01-06 04:16:42,369 [INFO] Captured LIVE_LIST -> server/sofascore_live.json
2026-01-06 04:16:58,387 [INFO] Periodic manual fetch for LIVE_LIST (TS: 1767669418)
2026-01-06 04:16:59,701 [INFO] Captured LIVE_LIST -> server/sofascore_live.json
2026-01-06 04:16:59,701 [INFO] [AUTO-STATS] Processing batch 1/1 (1 matches)
2026-01-06 04:17:15,718 [INFO] Periodic manual fetch for LIVE_LIST (TS: 1767669435)
2026-01-06 04:17:17,138 [INFO] Captured LIVE_LIST -> server/sofascore_live.json
2026-01-06 04:17:31,159 [INFO] [AUTO-STATS] Processing batch 1/1 (1 matches)
2026-01-06 04:17:31,970 [INFO] Processing queue: 1 matches
2026-01-06 04:17:31,970 [INFO] Targeted fetch for Match ID: 15013841
2026-01-06 04:17:35,903 [INFO] Captured DETAIL for 15264895 -> server/stats\15264895_detail.json
2026-01-06 04:17:35,905 [WARNING] API Error for 15264895 (STATS), saving empty marker.
2026-01-06 04:17:36,549 [INFO] Captured DETAIL for 15013841 -> server/stats\15013841_detail.json
2026-01-06 04:17:37,203 [INFO] Captured STATS for 15013841 -> server/stats\15013841_stats.json
2026-01-06 04:17:37,203 [INFO] Periodic manual fetch for LIVE_LIST (TS: 1767669457)
2026-01-06 04:17:38,536 [INFO] Captured LIVE_LIST -> server/sofascore_live.json
2026-01-06 04:17:54,555 [INFO] Periodic manual fetch for LIVE_LIST (TS: 1767669474)
2026-01-06 04:17:55,959 [INFO] Captured LIVE_LIST -> server/sofascore_live.json
2026-01-06 04:18:03,972 [INFO] [AUTO-STATS] Processing batch 1/1 (1 matches)
2026-01-06 04:18:11,983 [INFO] Periodic manual fetch for LIVE_LIST (TS: 1767669491)
2026-01-06 04:18:13,366 [INFO] Captured LIVE_LIST -> server/sofascore_live.json
2026-01-06 04:18:27,390 [INFO] Safety net: Refreshing page...
2026-01-06 04:18:39,064 [INFO] [AUTO-STATS] Processing batch 1/1 (1 matches)
2026-01-06 04:18:42,250 [INFO] Captured DETAIL for 13981608 -> server/stats\13981608_detail.json
2026-01-06 04:18:42,576 [INFO] Captured DETAIL for 14025037 -> server/stats\14025037_detail.json
2026-01-06 04:18:42,991 [INFO] Captured DETAIL for 14025049 -> server/stats\14025049_detail.json
2026-01-06 04:18:43,412 [INFO] Captured DETAIL for 14025019 -> server/stats\14025019_detail.json
2026-01-06 04:18:43,757 [INFO] Captured DETAIL for 14025061 -> server/stats\14025061_detail.json
2026-01-06 04:18:44,717 [INFO] Captured DETAIL for 15264895 -> server/stats\15264895_detail.json
2026-01-06 04:18:44,719 [WARNING] API Error for 15264895 (STATS), saving empty marker.
2026-01-06 04:18:44,747 [INFO] Periodic manual fetch for LIVE_LIST (TS: 1767669524)
2026-01-06 04:18:46,144 [INFO] Captured LIVE_LIST -> server/sofascore_live.json
2026-01-06 04:19:02,163 [INFO] Periodic manual fetch for LIVE_LIST (TS: 1767669542)
2026-01-06 04:19:03,573 [INFO] Captured LIVE_LIST -> server/sofascore_live.json
2026-01-06 04:19:11,582 [INFO] [AUTO-STATS] Processing batch 1/1 (1 matches)
2026-01-06 04:19:19,595 [INFO] Periodic manual fetch for LIVE_LIST (TS: 1767669559)
2026-01-06 04:19:20,978 [INFO] Captured LIVE_LIST -> server/sofascore_live.json
2026-01-06 04:19:37,000 [INFO] Periodic manual fetch for LIVE_LIST (TS: 1767669577)
2026-01-06 04:19:38,511 [INFO] Captured LIVE_LIST -> server/sofascore_live.json
2026-01-06 04:19:42,517 [INFO] [AUTO-STATS] Processing batch 1/1 (1 matches)
2026-01-06 04:19:54,589 [INFO] Periodic manual fetch for LIVE_LIST (TS: 1767669594)
2026-01-06 04:19:55,984 [INFO] Captured LIVE_LIST -> server/sofascore_live.json
2026-01-06 04:20:12,005 [INFO] Periodic manual fetch for LIVE_LIST (TS: 1767669612)
2026-01-06 04:20:13,384 [INFO] Captured LIVE_LIST -> server/sofascore_live.json
2026-01-06 04:20:13,384 [INFO] [AUTO-STATS] Processing batch 1/1 (1 matches)
2026-01-06 04:20:16,597 [INFO] Captured DETAIL for 15264895 -> server/stats\15264895_detail.json
2026-01-06 04:20:16,598 [WARNING] API Error for 15264895 (STATS), saving empty marker.
2026-01-06 04:20:24,621 [INFO] Processing queue: 1 matches
2026-01-06 04:20:24,621 [INFO] Targeted fetch for Match ID: 15013841
2026-01-06 04:20:28,499 [INFO] Captured DETAIL for 15013841 -> server/stats\15013841_detail.json
2026-01-06 04:20:29,038 [INFO] Captured STATS for 15013841 -> server/stats\15013841_stats.json
2026-01-06 04:20:29,039 [INFO] Periodic manual fetch for LIVE_LIST (TS: 1767669629)
2026-01-06 04:20:30,564 [INFO] Captured LIVE_LIST -> server/sofascore_live.json
2026-01-06 04:20:44,580 [INFO] [AUTO-STATS] Processing batch 1/1 (1 matches)
2026-01-06 04:20:46,583 [INFO] Periodic manual fetch for LIVE_LIST (TS: 1767669646)
2026-01-06 04:20:48,035 [INFO] Captured LIVE_LIST -> server/sofascore_live.json
2026-01-06 04:21:04,059 [INFO] Periodic manual fetch for LIVE_LIST (TS: 1767669664)
2026-01-06 04:21:05,467 [INFO] Captured LIVE_LIST -> server/sofascore_live.json
2026-01-06 04:21:15,482 [INFO] [AUTO-STATS] Processing batch 1/1 (1 matches)
2026-01-06 04:21:21,491 [INFO] Periodic manual fetch for LIVE_LIST (TS: 1767669681)
2026-01-06 04:21:22,839 [INFO] Captured LIVE_LIST -> server/sofascore_live.json
2026-01-06 04:21:32,858 [INFO] Processing queue: 1 matches
2026-01-06 04:21:32,859 [INFO] Targeted fetch for Match ID: 15013841
2026-01-06 04:21:36,764 [INFO] Captured DETAIL for 15013841 -> server/stats\15013841_detail.json
2026-01-06 04:21:37,416 [INFO] Captured STATS for 15013841 -> server/stats\15013841_stats.json
2026-01-06 04:21:39,419 [INFO] Periodic manual fetch for LIVE_LIST (TS: 1767669699)
2026-01-06 04:21:40,708 [INFO] Captured LIVE_LIST -> server/sofascore_live.json
2026-01-06 04:21:46,716 [INFO] [AUTO-STATS] Processing batch 1/1 (1 matches)
2026-01-06 04:21:49,924 [INFO] Captured DETAIL for 15264895 -> server/stats\15264895_detail.json
2026-01-06 04:21:49,927 [WARNING] API Error for 15264895 (STATS), saving empty marker.
2026-01-06 04:21:55,942 [INFO] Periodic manual fetch for LIVE_LIST (TS: 1767669715)
2026-01-06 04:21:57,449 [INFO] Captured LIVE_LIST -> server/sofascore_live.json
2026-01-06 04:22:13,474 [INFO] Periodic manual fetch for LIVE_LIST (TS: 1767669733)
2026-01-06 04:22:14,979 [INFO] Captured LIVE_LIST -> server/sofascore_live.json
2026-01-06 04:22:18,985 [INFO] [AUTO-STATS] Processing batch 1/1 (1 matches)
2026-01-06 04:22:31,009 [INFO] Periodic manual fetch for LIVE_LIST (TS: 1767669751)
2026-01-06 04:22:32,524 [INFO] Captured LIVE_LIST -> server/sofascore_live.json
2026-01-06 04:22:48,546 [INFO] Periodic manual fetch for LIVE_LIST (TS: 1767669768)
2026-01-06 04:22:49,884 [INFO] Captured LIVE_LIST -> server/sofascore_live.json
2026-01-06 04:22:49,884 [INFO] [AUTO-STATS] Processing batch 1/1 (1 matches)
2026-01-06 04:23:05,907 [INFO] Periodic manual fetch for LIVE_LIST (TS: 1767669785)
2026-01-06 04:23:07,318 [INFO] Captured LIVE_LIST -> server/sofascore_live.json
2026-01-06 04:23:21,338 [INFO] [AUTO-STATS] Processing batch 1/1 (1 matches)
2026-01-06 04:23:24,708 [INFO] Captured DETAIL for 15264895 -> server/stats\15264895_detail.json
2026-01-06 04:23:24,710 [WARNING] API Error for 15264895 (STATS), saving empty marker.
2026-01-06 04:23:24,729 [INFO] Periodic manual fetch for LIVE_LIST (TS: 1767669804)
2026-01-06 04:23:26,095 [INFO] Captured LIVE_LIST -> server/sofascore_live.json
2026-01-06 04:23:32,111 [INFO] Processing queue: 1 matches
2026-01-06 04:23:32,112 [INFO] Targeted fetch for Match ID: 15013841
2026-01-06 04:23:36,178 [INFO] Captured DETAIL for 15013841 -> server/stats\15013841_detail.json
2026-01-06 04:23:36,822 [INFO] Captured STATS for 15013841 -> server/stats\15013841_stats.json
2026-01-06 04:23:42,831 [INFO] Periodic manual fetch for LIVE_LIST (TS: 1767669822)
2026-01-06 04:23:44,208 [INFO] Captured LIVE_LIST -> server/sofascore_live.json
2026-01-06 04:23:52,218 [INFO] [AUTO-STATS] Processing batch 1/1 (1 matches)
2026-01-06 04:24:00,227 [INFO] Periodic manual fetch for LIVE_LIST (TS: 1767669840)
2026-01-06 04:24:01,551 [INFO] Captured LIVE_LIST -> server/sofascore_live.json
2026-01-06 04:24:17,572 [INFO] Periodic manual fetch for LIVE_LIST (TS: 1767669857)
2026-01-06 04:24:18,993 [INFO] Captured LIVE_LIST -> server/sofascore_live.json
2026-01-06 04:24:23,000 [INFO] [AUTO-STATS] Processing batch 1/1 (1 matches)
2026-01-06 04:24:35,024 [INFO] Periodic manual fetch for LIVE_LIST (TS: 1767669875)
2026-01-06 04:24:36,357 [INFO] Captured LIVE_LIST -> server/sofascore_live.json
2026-01-06 04:24:52,379 [INFO] Periodic manual fetch for LIVE_LIST (TS: 1767669892)
2026-01-06 04:24:53,775 [INFO] Captured LIVE_LIST -> server/sofascore_live.json
2026-01-06 04:24:53,775 [INFO] [AUTO-STATS] Processing batch 1/1 (1 matches)
2026-01-06 04:24:57,098 [INFO] Captured DETAIL for 15264895 -> server/stats\15264895_detail.json
2026-01-06 04:24:57,101 [WARNING] API Error for 15264895 (STATS), saving empty marker.
2026-01-06 04:25:09,133 [INFO] Periodic manual fetch for LIVE_LIST (TS: 1767669909)
2026-01-06 04:25:10,525 [INFO] Captured LIVE_LIST -> server/sofascore_live.json
2026-01-06 04:25:12,528 [INFO] Processing queue: 1 matches
2026-01-06 04:25:12,528 [INFO] Targeted fetch for Match ID: 15013841
2026-01-06 04:25:16,396 [INFO] Captured DETAIL for 15013841 -> server/stats\15013841_detail.json
2026-01-06 04:25:16,912 [INFO] Captured STATS for 15013841 -> server/stats\15013841_stats.json
2026-01-06 04:25:24,920 [INFO] [AUTO-STATS] Processing batch 1/1 (1 matches)
2026-01-06 04:25:26,922 [INFO] Periodic manual fetch for LIVE_LIST (TS: 1767669926)
2026-01-06 04:25:28,251 [INFO] Captured LIVE_LIST -> server/sofascore_live.json
2026-01-06 04:25:44,280 [INFO] Periodic manual fetch for LIVE_LIST (TS: 1767669944)
2026-01-06 04:25:45,945 [INFO] Captured LIVE_LIST -> server/sofascore_live.json
2026-01-06 04:25:55,961 [INFO] [AUTO-STATS] Processing batch 1/1 (1 matches)
2026-01-06 04:26:01,969 [INFO] Periodic manual fetch for LIVE_LIST (TS: 1767669961)
2026-01-06 04:26:03,414 [INFO] Captured LIVE_LIST -> server/sofascore_live.json
2026-01-06 04:26:19,435 [INFO] Periodic manual fetch for LIVE_LIST (TS: 1767669979)
2026-01-06 04:26:20,811 [INFO] Captured LIVE_LIST -> server/sofascore_live.json
2026-01-06 04:26:26,820 [INFO] [AUTO-STATS] Processing batch 1/1 (1 matches)
2026-01-06 04:26:30,171 [INFO] Captured DETAIL for 15264895 -> server/stats\15264895_detail.json
2026-01-06 04:26:30,173 [WARNING] API Error for 15264895 (STATS), saving empty marker.
2026-01-06 04:26:36,198 [INFO] Periodic manual fetch for LIVE_LIST (TS: 1767669996)
2026-01-06 04:26:37,590 [INFO] Captured LIVE_LIST -> server/sofascore_live.json
2026-01-06 04:26:53,616 [INFO] Periodic manual fetch for LIVE_LIST (TS: 1767670013)
2026-01-06 04:26:54,995 [INFO] Captured LIVE_LIST -> server/sofascore_live.json
2026-01-06 04:26:59,001 [INFO] [AUTO-STATS] Processing batch 1/1 (1 matches)
2026-01-06 04:27:11,019 [INFO] Periodic manual fetch for LIVE_LIST (TS: 1767670031)
2026-01-06 04:27:12,393 [INFO] Captured LIVE_LIST -> server/sofascore_live.json
2026-01-06 04:27:28,414 [INFO] Periodic manual fetch for LIVE_LIST (TS: 1767670048)
2026-01-06 04:27:29,692 [INFO] Captured LIVE_LIST -> server/sofascore_live.json
2026-01-06 04:27:29,693 [INFO] [AUTO-STATS] Processing batch 1/1 (1 matches)
2026-01-06 04:27:31,701 [INFO] Processing queue: 1 matches
2026-01-06 04:27:31,701 [INFO] Targeted fetch for Match ID: 15013841
2026-01-06 04:27:35,593 [INFO] Captured DETAIL for 15013841 -> server/stats\15013841_detail.json
2026-01-06 04:27:36,242 [INFO] Captured STATS for 15013841 -> server/stats\15013841_stats.json
2026-01-06 04:27:46,255 [INFO] Periodic manual fetch for LIVE_LIST (TS: 1767670066)
2026-01-06 04:27:47,605 [INFO] Captured LIVE_LIST -> server/sofascore_live.json
2026-01-06 04:28:01,627 [INFO] [AUTO-STATS] Processing batch 1/1 (1 matches)
2026-01-06 04:28:04,801 [INFO] Captured DETAIL for 15264895 -> server/stats\15264895_detail.json
2026-01-06 04:28:04,803 [WARNING] API Error for 15264895 (STATS), saving empty marker.
2026-01-06 04:28:04,811 [INFO] Periodic manual fetch for LIVE_LIST (TS: 1767670084)
2026-01-06 04:28:06,174 [INFO] Captured LIVE_LIST -> server/sofascore_live.json
2026-01-06 04:28:22,199 [INFO] Periodic manual fetch for LIVE_LIST (TS: 1767670102)
2026-01-06 04:28:23,539 [INFO] Captured LIVE_LIST -> server/sofascore_live.json
2026-01-06 04:28:33,562 [INFO] [AUTO-STATS] Processing batch 1/1 (1 matches)
2026-01-06 04:28:39,571 [INFO] Periodic manual fetch for LIVE_LIST (TS: 1767670119)
2026-01-06 04:28:40,888 [INFO] Captured LIVE_LIST -> server/sofascore_live.json
2026-01-06 04:28:40,888 [INFO] Safety net: Refreshing page...
2026-01-06 04:28:55,645 [INFO] Captured DETAIL for 13981608 -> server/stats\13981608_detail.json
2026-01-06 04:28:56,080 [INFO] Captured DETAIL for 14025061 -> server/stats\14025061_detail.json
2026-01-06 04:28:56,524 [INFO] Captured DETAIL for 14025019 -> server/stats\14025019_detail.json
2026-01-06 04:28:56,957 [INFO] Captured DETAIL for 14025037 -> server/stats\14025037_detail.json
2026-01-06 04:28:57,377 [INFO] Captured DETAIL for 14025049 -> server/stats\14025049_detail.json
2026-01-06 04:28:57,380 [INFO] Periodic manual fetch for LIVE_LIST (TS: 1767670137)
2026-01-06 04:28:58,731 [INFO] Captured LIVE_LIST -> server/sofascore_live.json
2026-01-06 04:29:04,742 [INFO] [AUTO-STATS] Processing batch 1/1 (1 matches)
2026-01-06 04:29:14,757 [INFO] Periodic manual fetch for LIVE_LIST (TS: 1767670154)
2026-01-06 04:29:16,127 [INFO] Captured LIVE_LIST -> server/sofascore_live.json
2026-01-06 04:29:32,148 [INFO] Periodic manual fetch for LIVE_LIST (TS: 1767670172)
2026-01-06 04:29:33,525 [INFO] Captured LIVE_LIST -> server/sofascore_live.json
2026-01-06 04:29:33,526 [INFO] Processing queue: 1 matches
2026-01-06 04:29:33,526 [INFO] Targeted fetch for Match ID: 15013841
2026-01-06 04:29:37,413 [INFO] Captured DETAIL for 15013841 -> server/stats\15013841_detail.json
2026-01-06 04:29:37,970 [INFO] Captured STATS for 15013841 -> server/stats\15013841_stats.json
2026-01-06 04:29:37,970 [INFO] [AUTO-STATS] Processing batch 1/1 (1 matches)
2026-01-06 04:29:41,296 [INFO] Captured DETAIL for 15264895 -> server/stats\15264895_detail.json
2026-01-06 04:29:41,299 [WARNING] API Error for 15264895 (STATS), saving empty marker.
2026-01-06 04:29:49,350 [INFO] Periodic manual fetch for LIVE_LIST (TS: 1767670189)
2026-01-06 04:29:50,733 [INFO] Captured LIVE_LIST -> server/sofascore_live.json
2026-01-06 04:30:06,760 [INFO] Periodic manual fetch for LIVE_LIST (TS: 1767670206)
2026-01-06 04:30:08,091 [INFO] Captured LIVE_LIST -> server/sofascore_live.json
2026-01-06 04:30:10,093 [INFO] [AUTO-STATS] Processing batch 1/1 (2 matches)
2026-01-06 04:30:13,307 [INFO] Captured DETAIL for 15233988 -> server/stats\15233988_detail.json
2026-01-06 04:30:13,628 [INFO] Captured STATS for 15233988 -> server/stats\15233988_stats.json
2026-01-06 04:30:23,644 [INFO] Periodic manual fetch for LIVE_LIST (TS: 1767670223)
2026-01-06 04:30:24,970 [INFO] Captured LIVE_LIST -> server/sofascore_live.json
2026-01-06 04:30:40,993 [INFO] Periodic manual fetch for LIVE_LIST (TS: 1767670240)
2026-01-06 04:30:42,401 [INFO] Captured LIVE_LIST -> server/sofascore_live.json
2026-01-06 04:30:42,402 [INFO] [AUTO-STATS] Processing batch 1/1 (2 matches)
2026-01-06 04:30:43,346 [INFO] Processing queue: 1 matches
2026-01-06 04:30:43,347 [INFO] Targeted fetch for Match ID: 15013841
2026-01-06 04:30:47,241 [INFO] Captured DETAIL for 15264895 -> server/stats\15264895_detail.json
2026-01-06 04:30:47,245 [WARNING] API Error for 15264895 (STATS), saving empty marker.
2026-01-06 04:30:47,661 [INFO] Captured DETAIL for 15013841 -> server/stats\15013841_detail.json
2026-01-06 04:30:48,089 [INFO] Captured STATS for 15013841 -> server/stats\15013841_stats.json
2026-01-06 04:30:58,103 [INFO] Periodic manual fetch for LIVE_LIST (TS: 1767670258)
2026-01-06 04:30:59,425 [INFO] Captured LIVE_LIST -> server/sofascore_live.json
2026-01-06 04:31:13,452 [INFO] [AUTO-STATS] Processing batch 1/1 (2 matches)
2026-01-06 04:31:16,630 [INFO] Captured DETAIL for 15233988 -> server/stats\15233988_detail.json
2026-01-06 04:31:17,040 [INFO] Captured STATS for 15233988 -> server/stats\15233988_stats.json
2026-01-06 04:31:17,041 [INFO] Periodic manual fetch for LIVE_LIST (TS: 1767670277)
2026-01-06 04:31:18,420 [INFO] Captured LIVE_LIST -> server/sofascore_live.json
2026-01-06 04:31:34,443 [INFO] Periodic manual fetch for LIVE_LIST (TS: 1767670294)
2026-01-06 04:31:35,785 [INFO] Captured LIVE_LIST -> server/sofascore_live.json
